2025-11-04 23:37:05.451 [main] [34mINFO [0;39m [36mj.f.b.a.m.event.ApplicationEnvironmentDefaultEvent[0;39m - [34mresoures develop path is file:resources/,file:META-INF/resources/,file:static/,file:public/,classpath:/META-INF/resources/,classpath:/resources/,classpath:/static/,classpath:/public/[0;39m 
2025-11-04 23:37:05.490 [background-preinit] [34mINFO [0;39m [36morg.hibernate.validator.internal.util.Version[0;39m - [34mHV000001: Hibernate Validator 6.2.2.Final[0;39m 
2025-11-04 23:37:05.504 [main] [34mINFO [0;39m [36mj.f.b.a.base.ApplicationEnvironmentDefaultEvent[0;39m - [34mjbm load properties:class path resource [configs/metrics.yml][0;39m 
2025-11-04 23:37:05.777 [main] [34mINFO [0;39m [36mc.a.n.p.auth.spi.client.ClientAuthPluginManager[0;39m - [34m[ClientAuthPluginManager] Load ClientAuthService com.alibaba.nacos.client.auth.impl.NacosClientAuthServiceImpl success.[0;39m 
2025-11-04 23:37:05.777 [main] [34mINFO [0;39m [36mc.a.n.p.auth.spi.client.ClientAuthPluginManager[0;39m - [34m[ClientAuthPluginManager] Load ClientAuthService com.alibaba.nacos.client.auth.ram.RamClientAuthServiceImpl success.[0;39m 
2025-11-04 23:37:06.849 [main] [34mINFO [0;39m [36mj.f.b.a.m.event.ApplicationEnvironmentDefaultEvent[0;39m - [34mresoures develop path is file:resources/,file:META-INF/resources/,file:static/,file:public/,classpath:/META-INF/resources/,classpath:/resources/,classpath:/static/,classpath:/public/[0;39m 
2025-11-04 23:37:06.869 [main] [34mINFO [0;39m [36mc.a.n.client.config.impl.LocalConfigInfoProcessor[0;39m - [34mLOCAL_SNAPSHOT_PATH:/Users/wesley/nacos/config[0;39m 
2025-11-04 23:37:06.873 [main] [34mINFO [0;39m [36mcom.alibaba.nacos.common.remote.client[0;39m - [34m[RpcClientFactory] create a new rpc client of 0a1edf31-7a15-4d55-adaf-667aca2d4879_config-0[0;39m 
2025-11-04 23:37:06.927 [main] [34mINFO [0;39m [36mcom.alibaba.nacos.common.remote.client[0;39m - [34m[0a1edf31-7a15-4d55-adaf-667aca2d4879_config-0] Register server push request handler:com.alibaba.nacos.client.config.impl.ClientWorker$ConfigRpcTransportClient$$Lambda$658/1620301064[0;39m 
2025-11-04 23:37:06.927 [main] [34mINFO [0;39m [36mcom.alibaba.nacos.common.remote.client[0;39m - [34m[0a1edf31-7a15-4d55-adaf-667aca2d4879_config-0] Register server push request handler:com.alibaba.nacos.client.config.impl.ClientWorker$ConfigRpcTransportClient$$Lambda$659/1706790953[0;39m 
2025-11-04 23:37:06.927 [main] [34mINFO [0;39m [36mcom.alibaba.nacos.common.remote.client[0;39m - [34m[0a1edf31-7a15-4d55-adaf-667aca2d4879_config-0] Registry connection listener to current client:com.alibaba.nacos.client.config.impl.ClientWorker$ConfigRpcTransportClient$1[0;39m 
2025-11-04 23:37:06.927 [main] [34mINFO [0;39m [36mcom.alibaba.nacos.common.remote.client[0;39m - [34m[0a1edf31-7a15-4d55-adaf-667aca2d4879_config-0] RpcClient init, ServerListFactory = com.alibaba.nacos.client.config.impl.ClientWorker$ConfigRpcTransportClient$2[0;39m 
2025-11-04 23:37:06.933 [main] [34mINFO [0;39m [36mcom.alibaba.nacos.common.remote.client[0;39m - [34m[0a1edf31-7a15-4d55-adaf-667aca2d4879_config-0] Try to connect to server on start up, server: {serverIp = 'nacos2', server main port = 8848}[0;39m 
2025-11-04 23:37:06.956 [main] [34mINFO [0;39m [36mc.a.nacos.common.remote.client.grpc.GrpcClient[0;39m - [34mgrpc client connection server:nacos2 ip,serverPort:9848,grpcTslConfig:{"sslProvider":"","enableTls":false,"mutualAuthEnable":false,"trustAll":false}[0;39m 
2025-11-04 23:37:07.449 [main] [34mINFO [0;39m [36mcom.alibaba.nacos.common.remote.client[0;39m - [34m[0a1edf31-7a15-4d55-adaf-667aca2d4879_config-0] Try to connect to server on start up, server: {serverIp = 'nacos2', server main port = 8848}[0;39m 
2025-11-04 23:37:07.449 [main] [34mINFO [0;39m [36mc.a.nacos.common.remote.client.grpc.GrpcClient[0;39m - [34mgrpc client connection server:nacos2 ip,serverPort:9848,grpcTslConfig:{"sslProvider":"","enableTls":false,"mutualAuthEnable":false,"trustAll":false}[0;39m 
2025-11-04 23:37:07.478 [main] [34mINFO [0;39m [36mcom.alibaba.nacos.common.remote.client[0;39m - [34m[0a1edf31-7a15-4d55-adaf-667aca2d4879_config-0] Try to connect to server on start up, server: {serverIp = 'nacos2', server main port = 8848}[0;39m 
2025-11-04 23:37:07.478 [main] [34mINFO [0;39m [36mc.a.nacos.common.remote.client.grpc.GrpcClient[0;39m - [34mgrpc client connection server:nacos2 ip,serverPort:9848,grpcTslConfig:{"sslProvider":"","enableTls":false,"mutualAuthEnable":false,"trustAll":false}[0;39m 
2025-11-04 23:37:07.502 [main] [34mINFO [0;39m [36mcom.alibaba.nacos.common.remote.client[0;39m - [34m[0a1edf31-7a15-4d55-adaf-667aca2d4879_config-0] Try to connect to server on start up, server: {serverIp = 'nacos2', server main port = 8848}[0;39m 
2025-11-04 23:37:07.502 [main] [34mINFO [0;39m [36mc.a.nacos.common.remote.client.grpc.GrpcClient[0;39m - [34mgrpc client connection server:nacos2 ip,serverPort:9848,grpcTslConfig:{"sslProvider":"","enableTls":false,"mutualAuthEnable":false,"trustAll":false}[0;39m 
2025-11-04 23:37:07.525 [com.alibaba.nacos.client.remote.worker] [34mINFO [0;39m [36mcom.alibaba.nacos.common.remote.client[0;39m - [34m[0a1edf31-7a15-4d55-adaf-667aca2d4879_config-0] Try to reconnect to a new server, server is  not appointed, will choose a random server.[0;39m 
2025-11-04 23:37:07.525 [com.alibaba.nacos.client.remote.worker] [34mINFO [0;39m [36mc.a.nacos.common.remote.client.grpc.GrpcClient[0;39m - [34mgrpc client connection server:nacos2 ip,serverPort:9848,grpcTslConfig:{"sslProvider":"","enableTls":false,"mutualAuthEnable":false,"trustAll":false}[0;39m 
2025-11-04 23:37:07.525 [main] [34mINFO [0;39m [36mcom.alibaba.nacos.common.remote.client[0;39m - [34m[0a1edf31-7a15-4d55-adaf-667aca2d4879_config-0] Register server push request handler:com.alibaba.nacos.common.remote.client.RpcClient$ConnectResetRequestHandler[0;39m 
2025-11-04 23:37:07.525 [main] [34mINFO [0;39m [36mcom.alibaba.nacos.common.remote.client[0;39m - [34m[0a1edf31-7a15-4d55-adaf-667aca2d4879_config-0] Register server push request handler:com.alibaba.nacos.common.remote.client.RpcClient$$Lambda$668/1594981181[0;39m 
2025-11-04 23:37:07.574 [main] [34mINFO [0;39m [36mcom.alibaba.nacos.client.config.impl.Limiter[0;39m - [34mlimitTime:5.0[0;39m 
2025-11-04 23:37:07.653 [com.alibaba.nacos.client.remote.worker] [34mINFO [0;39m [36mc.a.nacos.common.remote.client.grpc.GrpcClient[0;39m - [34mgrpc client connection server:nacos2 ip,serverPort:9848,grpcTslConfig:{"sslProvider":"","enableTls":false,"mutualAuthEnable":false,"trustAll":false}[0;39m 
2025-11-04 23:37:07.689 [com.alibaba.nacos.client.remote.worker] [34mINFO [0;39m [36mcom.alibaba.nacos.common.remote.client[0;39m - [34m[0a1edf31-7a15-4d55-adaf-667aca2d4879_config-0] Fail to connect server, after trying 1 times, last try server is {serverIp = 'nacos2', server main port = 8848}, error = unknown[0;39m 
2025-11-04 23:37:07.894 [com.alibaba.nacos.client.remote.worker] [34mINFO [0;39m [36mc.a.nacos.common.remote.client.grpc.GrpcClient[0;39m - [34mgrpc client connection server:nacos2 ip,serverPort:9848,grpcTslConfig:{"sslProvider":"","enableTls":false,"mutualAuthEnable":false,"trustAll":false}[0;39m 
2025-11-04 23:37:07.921 [com.alibaba.nacos.client.remote.worker] [34mINFO [0;39m [36mcom.alibaba.nacos.common.remote.client[0;39m - [34m[0a1edf31-7a15-4d55-adaf-667aca2d4879_config-0] Fail to connect server, after trying 2 times, last try server is {serverIp = 'nacos2', server main port = 8848}, error = unknown[0;39m 
2025-11-04 23:37:08.227 [com.alibaba.nacos.client.remote.worker] [34mINFO [0;39m [36mc.a.nacos.common.remote.client.grpc.GrpcClient[0;39m - [34mgrpc client connection server:nacos2 ip,serverPort:9848,grpcTslConfig:{"sslProvider":"","enableTls":false,"mutualAuthEnable":false,"trustAll":false}[0;39m 
2025-11-04 23:37:08.254 [com.alibaba.nacos.client.remote.worker] [34mINFO [0;39m [36mcom.alibaba.nacos.common.remote.client[0;39m - [34m[0a1edf31-7a15-4d55-adaf-667aca2d4879_config-0] Fail to connect server, after trying 3 times, last try server is {serverIp = 'nacos2', server main port = 8848}, error = unknown[0;39m 
2025-11-04 23:37:08.659 [com.alibaba.nacos.client.remote.worker] [34mINFO [0;39m [36mc.a.nacos.common.remote.client.grpc.GrpcClient[0;39m - [34mgrpc client connection server:nacos2 ip,serverPort:9848,grpcTslConfig:{"sslProvider":"","enableTls":false,"mutualAuthEnable":false,"trustAll":false}[0;39m 
2025-11-04 23:37:08.687 [com.alibaba.nacos.client.remote.worker] [34mINFO [0;39m [36mcom.alibaba.nacos.common.remote.client[0;39m - [34m[0a1edf31-7a15-4d55-adaf-667aca2d4879_config-0] Fail to connect server, after trying 4 times, last try server is {serverIp = 'nacos2', server main port = 8848}, error = unknown[0;39m 
2025-11-04 23:37:09.190 [com.alibaba.nacos.client.remote.worker] [34mINFO [0;39m [36mc.a.nacos.common.remote.client.grpc.GrpcClient[0;39m - [34mgrpc client connection server:nacos2 ip,serverPort:9848,grpcTslConfig:{"sslProvider":"","enableTls":false,"mutualAuthEnable":false,"trustAll":false}[0;39m 
2025-11-04 23:37:09.248 [com.alibaba.nacos.client.remote.worker] [34mINFO [0;39m [36mcom.alibaba.nacos.common.remote.client[0;39m - [34m[0a1edf31-7a15-4d55-adaf-667aca2d4879_config-0] Fail to connect server, after trying 5 times, last try server is {serverIp = 'nacos2', server main port = 8848}, error = unknown[0;39m 
2025-11-04 23:37:09.854 [com.alibaba.nacos.client.remote.worker] [34mINFO [0;39m [36mc.a.nacos.common.remote.client.grpc.GrpcClient[0;39m - [34mgrpc client connection server:nacos2 ip,serverPort:9848,grpcTslConfig:{"sslProvider":"","enableTls":false,"mutualAuthEnable":false,"trustAll":false}[0;39m 
2025-11-04 23:37:09.890 [com.alibaba.nacos.client.remote.worker] [34mINFO [0;39m [36mcom.alibaba.nacos.common.remote.client[0;39m - [34m[0a1edf31-7a15-4d55-adaf-667aca2d4879_config-0] Fail to connect server, after trying 6 times, last try server is {serverIp = 'nacos2', server main port = 8848}, error = unknown[0;39m 
2025-11-04 23:37:10.127 [main] [34mINFO [0;39m [36mcom.jbm.cluster.logs.BusinessLogCompleteTest[0;39m - [34mNo active profile set, falling back to 1 default profile: "default"[0;39m 
2025-11-04 23:37:10.595 [com.alibaba.nacos.client.remote.worker] [34mINFO [0;39m [36mc.a.nacos.common.remote.client.grpc.GrpcClient[0;39m - [34mgrpc client connection server:nacos2 ip,serverPort:9848,grpcTslConfig:{"sslProvider":"","enableTls":false,"mutualAuthEnable":false,"trustAll":false}[0;39m 
2025-11-04 23:37:10.619 [com.alibaba.nacos.client.remote.worker] [34mINFO [0;39m [36mcom.alibaba.nacos.common.remote.client[0;39m - [34m[0a1edf31-7a15-4d55-adaf-667aca2d4879_config-0] Fail to connect server, after trying 7 times, last try server is {serverIp = 'nacos2', server main port = 8848}, error = unknown[0;39m 
2025-11-04 23:37:11.424 [com.alibaba.nacos.client.remote.worker] [34mINFO [0;39m [36mc.a.nacos.common.remote.client.grpc.GrpcClient[0;39m - [34mgrpc client connection server:nacos2 ip,serverPort:9848,grpcTslConfig:{"sslProvider":"","enableTls":false,"mutualAuthEnable":false,"trustAll":false}[0;39m 
2025-11-04 23:37:11.449 [com.alibaba.nacos.client.remote.worker] [34mINFO [0;39m [36mcom.alibaba.nacos.common.remote.client[0;39m - [34m[0a1edf31-7a15-4d55-adaf-667aca2d4879_config-0] Fail to connect server, after trying 8 times, last try server is {serverIp = 'nacos2', server main port = 8848}, error = unknown[0;39m 
2025-11-04 23:37:11.809 [main] [34mINFO [0;39m [36mj.f.b.a.m.event.ApplicationEnvironmentDefaultEvent[0;39m - [34mresoures develop path is file:resources/,file:META-INF/resources/,file:static/,file:public/,classpath:/META-INF/resources/,classpath:/resources/,classpath:/static/,classpath:/public/[0;39m 
2025-11-04 23:37:11.864 [main] [34mINFO [0;39m [36mj.f.b.a.m.event.ApplicationEnvironmentDefaultEvent[0;39m - [34mresoures develop path is file:resources/,file:META-INF/resources/,file:static/,file:public/,classpath:/META-INF/resources/,classpath:/resources/,classpath:/static/,classpath:/public/[0;39m 
2025-11-04 23:37:12.352 [com.alibaba.nacos.client.remote.worker] [34mINFO [0;39m [36mc.a.nacos.common.remote.client.grpc.GrpcClient[0;39m - [34mgrpc client connection server:nacos2 ip,serverPort:9848,grpcTslConfig:{"sslProvider":"","enableTls":false,"mutualAuthEnable":false,"trustAll":false}[0;39m 
2025-11-04 23:37:12.378 [com.alibaba.nacos.client.remote.worker] [34mINFO [0;39m [36mcom.alibaba.nacos.common.remote.client[0;39m - [34m[0a1edf31-7a15-4d55-adaf-667aca2d4879_config-0] Fail to connect server, after trying 9 times, last try server is {serverIp = 'nacos2', server main port = 8848}, error = unknown[0;39m 
2025-11-04 23:37:13.380 [com.alibaba.nacos.client.remote.worker] [34mINFO [0;39m [36mc.a.nacos.common.remote.client.grpc.GrpcClient[0;39m - [34mgrpc client connection server:nacos2 ip,serverPort:9848,grpcTslConfig:{"sslProvider":"","enableTls":false,"mutualAuthEnable":false,"trustAll":false}[0;39m 
2025-11-04 23:37:13.407 [com.alibaba.nacos.client.remote.worker] [34mINFO [0;39m [36mcom.alibaba.nacos.common.remote.client[0;39m - [34m[0a1edf31-7a15-4d55-adaf-667aca2d4879_config-0] Fail to connect server, after trying 10 times, last try server is {serverIp = 'nacos2', server main port = 8848}, error = unknown[0;39m 
2025-11-04 23:37:14.393 [main] [34mINFO [0;39m [36mcom.jbm.cluster.logs.BusinessLogCompleteTest[0;39m - [34mNo active profile set, falling back to 1 default profile: "default"[0;39m 
2025-11-04 23:37:14.511 [com.alibaba.nacos.client.remote.worker] [34mINFO [0;39m [36mc.a.nacos.common.remote.client.grpc.GrpcClient[0;39m - [34mgrpc client connection server:nacos2 ip,serverPort:9848,grpcTslConfig:{"sslProvider":"","enableTls":false,"mutualAuthEnable":false,"trustAll":false}[0;39m 
2025-11-04 23:37:14.544 [com.alibaba.nacos.client.remote.worker] [34mINFO [0;39m [36mcom.alibaba.nacos.common.remote.client[0;39m - [34m[0a1edf31-7a15-4d55-adaf-667aca2d4879_config-0] Fail to connect server, after trying 11 times, last try server is {serverIp = 'nacos2', server main port = 8848}, error = unknown[0;39m 
2025-11-04 23:37:14.932 [main] [34mINFO [0;39m [36mj.f.b.a.m.event.ApplicationEnvironmentDefaultEvent[0;39m - [34mresoures develop path is file:resources/,file:META-INF/resources/,file:static/,file:public/,classpath:/META-INF/resources/,classpath:/resources/,classpath:/static/,classpath:/public/[0;39m 
2025-11-04 23:37:14.976 [main] [34mINFO [0;39m [36mj.f.b.a.m.event.ApplicationEnvironmentDefaultEvent[0;39m - [34mresoures develop path is file:resources/,file:META-INF/resources/,file:static/,file:public/,classpath:/META-INF/resources/,classpath:/resources/,classpath:/static/,classpath:/public/[0;39m 
2025-11-04 23:37:15.750 [com.alibaba.nacos.client.remote.worker] [34mINFO [0;39m [36mc.a.nacos.common.remote.client.grpc.GrpcClient[0;39m - [34mgrpc client connection server:nacos2 ip,serverPort:9848,grpcTslConfig:{"sslProvider":"","enableTls":false,"mutualAuthEnable":false,"trustAll":false}[0;39m 
2025-11-04 23:37:15.794 [com.alibaba.nacos.client.remote.worker] [34mINFO [0;39m [36mcom.alibaba.nacos.common.remote.client[0;39m - [34m[0a1edf31-7a15-4d55-adaf-667aca2d4879_config-0] Fail to connect server, after trying 12 times, last try server is {serverIp = 'nacos2', server main port = 8848}, error = unknown[0;39m 
2025-11-04 23:37:17.099 [com.alibaba.nacos.client.remote.worker] [34mINFO [0;39m [36mc.a.nacos.common.remote.client.grpc.GrpcClient[0;39m - [34mgrpc client connection server:nacos2 ip,serverPort:9848,grpcTslConfig:{"sslProvider":"","enableTls":false,"mutualAuthEnable":false,"trustAll":false}[0;39m 
2025-11-04 23:37:17.163 [com.alibaba.nacos.client.remote.worker] [34mINFO [0;39m [36mcom.alibaba.nacos.common.remote.client[0;39m - [34m[0a1edf31-7a15-4d55-adaf-667aca2d4879_config-0] Fail to connect server, after trying 13 times, last try server is {serverIp = 'nacos2', server main port = 8848}, error = unknown[0;39m 
2025-11-04 23:37:17.501 [main] [34mINFO [0;39m [36mcom.jbm.cluster.logs.BusinessLogCompleteTest[0;39m - [34mNo active profile set, falling back to 1 default profile: "default"[0;39m 
2025-11-04 23:37:56.124 [main] [34mINFO [0;39m [36mj.f.b.a.m.event.ApplicationEnvironmentDefaultEvent[0;39m - [34mresoures develop path is file:resources/,file:META-INF/resources/,file:static/,file:public/,classpath:/META-INF/resources/,classpath:/resources/,classpath:/static/,classpath:/public/[0;39m 
2025-11-04 23:37:56.163 [background-preinit] [34mINFO [0;39m [36morg.hibernate.validator.internal.util.Version[0;39m - [34mHV000001: Hibernate Validator 6.2.2.Final[0;39m 
2025-11-04 23:37:56.178 [main] [34mINFO [0;39m [36mj.f.b.a.base.ApplicationEnvironmentDefaultEvent[0;39m - [34mjbm load properties:class path resource [configs/metrics.yml][0;39m 
2025-11-04 23:37:56.477 [main] [34mINFO [0;39m [36mc.a.n.p.auth.spi.client.ClientAuthPluginManager[0;39m - [34m[ClientAuthPluginManager] Load ClientAuthService com.alibaba.nacos.client.auth.impl.NacosClientAuthServiceImpl success.[0;39m 
2025-11-04 23:37:56.477 [main] [34mINFO [0;39m [36mc.a.n.p.auth.spi.client.ClientAuthPluginManager[0;39m - [34m[ClientAuthPluginManager] Load ClientAuthService com.alibaba.nacos.client.auth.ram.RamClientAuthServiceImpl success.[0;39m 
2025-11-04 23:37:56.534 [main] [34mINFO [0;39m [36mj.f.b.a.m.event.ApplicationEnvironmentDefaultEvent[0;39m - [34mresoures develop path is file:resources/,file:META-INF/resources/,file:static/,file:public/,classpath:/META-INF/resources/,classpath:/resources/,classpath:/static/,classpath:/public/[0;39m 
2025-11-04 23:37:56.552 [main] [34mINFO [0;39m [36mc.a.n.client.config.impl.LocalConfigInfoProcessor[0;39m - [34mLOCAL_SNAPSHOT_PATH:/Users/wesley/nacos/config[0;39m 
2025-11-04 23:37:56.556 [main] [34mINFO [0;39m [36mcom.alibaba.nacos.common.remote.client[0;39m - [34m[RpcClientFactory] create a new rpc client of 1cbd52a8-2491-4be5-b61b-8413c97e3aa4_config-0[0;39m 
2025-11-04 23:37:56.574 [main] [34mINFO [0;39m [36mcom.alibaba.nacos.common.remote.client[0;39m - [34m[1cbd52a8-2491-4be5-b61b-8413c97e3aa4_config-0] Register server push request handler:com.alibaba.nacos.client.config.impl.ClientWorker$ConfigRpcTransportClient$$Lambda$655/1706790953[0;39m 
2025-11-04 23:37:56.574 [main] [34mINFO [0;39m [36mcom.alibaba.nacos.common.remote.client[0;39m - [34m[1cbd52a8-2491-4be5-b61b-8413c97e3aa4_config-0] Register server push request handler:com.alibaba.nacos.client.config.impl.ClientWorker$ConfigRpcTransportClient$$Lambda$656/1893987183[0;39m 
2025-11-04 23:37:56.575 [main] [34mINFO [0;39m [36mcom.alibaba.nacos.common.remote.client[0;39m - [34m[1cbd52a8-2491-4be5-b61b-8413c97e3aa4_config-0] Registry connection listener to current client:com.alibaba.nacos.client.config.impl.ClientWorker$ConfigRpcTransportClient$1[0;39m 
2025-11-04 23:37:56.575 [main] [34mINFO [0;39m [36mcom.alibaba.nacos.common.remote.client[0;39m - [34m[1cbd52a8-2491-4be5-b61b-8413c97e3aa4_config-0] RpcClient init, ServerListFactory = com.alibaba.nacos.client.config.impl.ClientWorker$ConfigRpcTransportClient$2[0;39m 
2025-11-04 23:37:56.582 [main] [34mINFO [0;39m [36mcom.alibaba.nacos.common.remote.client[0;39m - [34m[1cbd52a8-2491-4be5-b61b-8413c97e3aa4_config-0] Try to connect to server on start up, server: {serverIp = 'nacos2', server main port = 8848}[0;39m 
2025-11-04 23:37:56.654 [main] [34mINFO [0;39m [36mc.a.nacos.common.remote.client.grpc.GrpcClient[0;39m - [34mgrpc client connection server:nacos2 ip,serverPort:9848,grpcTslConfig:{"sslProvider":"","enableTls":false,"mutualAuthEnable":false,"trustAll":false}[0;39m 
2025-11-04 23:37:57.143 [main] [34mINFO [0;39m [36mcom.alibaba.nacos.common.remote.client[0;39m - [34m[1cbd52a8-2491-4be5-b61b-8413c97e3aa4_config-0] Try to connect to server on start up, server: {serverIp = 'nacos2', server main port = 8848}[0;39m 
2025-11-04 23:37:57.143 [main] [34mINFO [0;39m [36mc.a.nacos.common.remote.client.grpc.GrpcClient[0;39m - [34mgrpc client connection server:nacos2 ip,serverPort:9848,grpcTslConfig:{"sslProvider":"","enableTls":false,"mutualAuthEnable":false,"trustAll":false}[0;39m 
2025-11-04 23:37:57.167 [main] [34mINFO [0;39m [36mcom.alibaba.nacos.common.remote.client[0;39m - [34m[1cbd52a8-2491-4be5-b61b-8413c97e3aa4_config-0] Try to connect to server on start up, server: {serverIp = 'nacos2', server main port = 8848}[0;39m 
2025-11-04 23:37:57.167 [main] [34mINFO [0;39m [36mc.a.nacos.common.remote.client.grpc.GrpcClient[0;39m - [34mgrpc client connection server:nacos2 ip,serverPort:9848,grpcTslConfig:{"sslProvider":"","enableTls":false,"mutualAuthEnable":false,"trustAll":false}[0;39m 
2025-11-04 23:37:57.200 [main] [34mINFO [0;39m [36mcom.alibaba.nacos.common.remote.client[0;39m - [34m[1cbd52a8-2491-4be5-b61b-8413c97e3aa4_config-0] Try to connect to server on start up, server: {serverIp = 'nacos2', server main port = 8848}[0;39m 
2025-11-04 23:37:57.200 [main] [34mINFO [0;39m [36mc.a.nacos.common.remote.client.grpc.GrpcClient[0;39m - [34mgrpc client connection server:nacos2 ip,serverPort:9848,grpcTslConfig:{"sslProvider":"","enableTls":false,"mutualAuthEnable":false,"trustAll":false}[0;39m 
2025-11-04 23:37:57.230 [com.alibaba.nacos.client.remote.worker] [34mINFO [0;39m [36mcom.alibaba.nacos.common.remote.client[0;39m - [34m[1cbd52a8-2491-4be5-b61b-8413c97e3aa4_config-0] Try to reconnect to a new server, server is  not appointed, will choose a random server.[0;39m 
2025-11-04 23:37:57.230 [com.alibaba.nacos.client.remote.worker] [34mINFO [0;39m [36mc.a.nacos.common.remote.client.grpc.GrpcClient[0;39m - [34mgrpc client connection server:nacos2 ip,serverPort:9848,grpcTslConfig:{"sslProvider":"","enableTls":false,"mutualAuthEnable":false,"trustAll":false}[0;39m 
2025-11-04 23:37:57.230 [main] [34mINFO [0;39m [36mcom.alibaba.nacos.common.remote.client[0;39m - [34m[1cbd52a8-2491-4be5-b61b-8413c97e3aa4_config-0] Register server push request handler:com.alibaba.nacos.common.remote.client.RpcClient$ConnectResetRequestHandler[0;39m 
2025-11-04 23:37:57.230 [main] [34mINFO [0;39m [36mcom.alibaba.nacos.common.remote.client[0;39m - [34m[1cbd52a8-2491-4be5-b61b-8413c97e3aa4_config-0] Register server push request handler:com.alibaba.nacos.common.remote.client.RpcClient$$Lambda$665/409393797[0;39m 
2025-11-04 23:37:57.277 [main] [34mINFO [0;39m [36mcom.alibaba.nacos.client.config.impl.Limiter[0;39m - [34mlimitTime:5.0[0;39m 
2025-11-04 23:37:57.357 [com.alibaba.nacos.client.remote.worker] [34mINFO [0;39m [36mc.a.nacos.common.remote.client.grpc.GrpcClient[0;39m - [34mgrpc client connection server:nacos2 ip,serverPort:9848,grpcTslConfig:{"sslProvider":"","enableTls":false,"mutualAuthEnable":false,"trustAll":false}[0;39m 
2025-11-04 23:37:57.386 [com.alibaba.nacos.client.remote.worker] [34mINFO [0;39m [36mcom.alibaba.nacos.common.remote.client[0;39m - [34m[1cbd52a8-2491-4be5-b61b-8413c97e3aa4_config-0] Fail to connect server, after trying 1 times, last try server is {serverIp = 'nacos2', server main port = 8848}, error = unknown[0;39m 
2025-11-04 23:37:57.588 [com.alibaba.nacos.client.remote.worker] [34mINFO [0;39m [36mc.a.nacos.common.remote.client.grpc.GrpcClient[0;39m - [34mgrpc client connection server:nacos2 ip,serverPort:9848,grpcTslConfig:{"sslProvider":"","enableTls":false,"mutualAuthEnable":false,"trustAll":false}[0;39m 
2025-11-04 23:37:57.617 [com.alibaba.nacos.client.remote.worker] [34mINFO [0;39m [36mcom.alibaba.nacos.common.remote.client[0;39m - [34m[1cbd52a8-2491-4be5-b61b-8413c97e3aa4_config-0] Fail to connect server, after trying 2 times, last try server is {serverIp = 'nacos2', server main port = 8848}, error = unknown[0;39m 
2025-11-04 23:37:57.923 [com.alibaba.nacos.client.remote.worker] [34mINFO [0;39m [36mc.a.nacos.common.remote.client.grpc.GrpcClient[0;39m - [34mgrpc client connection server:nacos2 ip,serverPort:9848,grpcTslConfig:{"sslProvider":"","enableTls":false,"mutualAuthEnable":false,"trustAll":false}[0;39m 
2025-11-04 23:37:57.948 [com.alibaba.nacos.client.remote.worker] [34mINFO [0;39m [36mcom.alibaba.nacos.common.remote.client[0;39m - [34m[1cbd52a8-2491-4be5-b61b-8413c97e3aa4_config-0] Fail to connect server, after trying 3 times, last try server is {serverIp = 'nacos2', server main port = 8848}, error = unknown[0;39m 
2025-11-04 23:37:58.354 [com.alibaba.nacos.client.remote.worker] [34mINFO [0;39m [36mc.a.nacos.common.remote.client.grpc.GrpcClient[0;39m - [34mgrpc client connection server:nacos2 ip,serverPort:9848,grpcTslConfig:{"sslProvider":"","enableTls":false,"mutualAuthEnable":false,"trustAll":false}[0;39m 
2025-11-04 23:37:58.387 [com.alibaba.nacos.client.remote.worker] [34mINFO [0;39m [36mcom.alibaba.nacos.common.remote.client[0;39m - [34m[1cbd52a8-2491-4be5-b61b-8413c97e3aa4_config-0] Fail to connect server, after trying 4 times, last try server is {serverIp = 'nacos2', server main port = 8848}, error = unknown[0;39m 
2025-11-04 23:37:58.889 [com.alibaba.nacos.client.remote.worker] [34mINFO [0;39m [36mc.a.nacos.common.remote.client.grpc.GrpcClient[0;39m - [34mgrpc client connection server:nacos2 ip,serverPort:9848,grpcTslConfig:{"sslProvider":"","enableTls":false,"mutualAuthEnable":false,"trustAll":false}[0;39m 
2025-11-04 23:37:58.924 [com.alibaba.nacos.client.remote.worker] [34mINFO [0;39m [36mcom.alibaba.nacos.common.remote.client[0;39m - [34m[1cbd52a8-2491-4be5-b61b-8413c97e3aa4_config-0] Fail to connect server, after trying 5 times, last try server is {serverIp = 'nacos2', server main port = 8848}, error = unknown[0;39m 
2025-11-04 23:37:59.530 [com.alibaba.nacos.client.remote.worker] [34mINFO [0;39m [36mc.a.nacos.common.remote.client.grpc.GrpcClient[0;39m - [34mgrpc client connection server:nacos2 ip,serverPort:9848,grpcTslConfig:{"sslProvider":"","enableTls":false,"mutualAuthEnable":false,"trustAll":false}[0;39m 
2025-11-04 23:37:59.559 [com.alibaba.nacos.client.remote.worker] [34mINFO [0;39m [36mcom.alibaba.nacos.common.remote.client[0;39m - [34m[1cbd52a8-2491-4be5-b61b-8413c97e3aa4_config-0] Fail to connect server, after trying 6 times, last try server is {serverIp = 'nacos2', server main port = 8848}, error = unknown[0;39m 
2025-11-04 23:37:59.817 [main] [34mINFO [0;39m [36mcom.jbm.cluster.logs.BusinessLogCompleteTest[0;39m - [34mNo active profile set, falling back to 1 default profile: "default"[0;39m 
2025-11-04 23:38:00.261 [com.alibaba.nacos.client.remote.worker] [34mINFO [0;39m [36mc.a.nacos.common.remote.client.grpc.GrpcClient[0;39m - [34mgrpc client connection server:nacos2 ip,serverPort:9848,grpcTslConfig:{"sslProvider":"","enableTls":false,"mutualAuthEnable":false,"trustAll":false}[0;39m 
2025-11-04 23:38:00.289 [com.alibaba.nacos.client.remote.worker] [34mINFO [0;39m [36mcom.alibaba.nacos.common.remote.client[0;39m - [34m[1cbd52a8-2491-4be5-b61b-8413c97e3aa4_config-0] Fail to connect server, after trying 7 times, last try server is {serverIp = 'nacos2', server main port = 8848}, error = unknown[0;39m 
2025-11-04 23:38:01.176 [com.alibaba.nacos.client.remote.worker] [34mINFO [0;39m [36mc.a.nacos.common.remote.client.grpc.GrpcClient[0;39m - [34mgrpc client connection server:nacos2 ip,serverPort:9848,grpcTslConfig:{"sslProvider":"","enableTls":false,"mutualAuthEnable":false,"trustAll":false}[0;39m 
2025-11-04 23:38:01.205 [com.alibaba.nacos.client.remote.worker] [34mINFO [0;39m [36mcom.alibaba.nacos.common.remote.client[0;39m - [34m[1cbd52a8-2491-4be5-b61b-8413c97e3aa4_config-0] Fail to connect server, after trying 8 times, last try server is {serverIp = 'nacos2', server main port = 8848}, error = unknown[0;39m 
2025-11-04 23:38:01.663 [main] [34mINFO [0;39m [36mj.f.b.a.m.event.ApplicationEnvironmentDefaultEvent[0;39m - [34mresoures develop path is file:resources/,file:META-INF/resources/,file:static/,file:public/,classpath:/META-INF/resources/,classpath:/resources/,classpath:/static/,classpath:/public/[0;39m 
2025-11-04 23:38:01.718 [main] [34mINFO [0;39m [36mj.f.b.a.m.event.ApplicationEnvironmentDefaultEvent[0;39m - [34mresoures develop path is file:resources/,file:META-INF/resources/,file:static/,file:public/,classpath:/META-INF/resources/,classpath:/resources/,classpath:/static/,classpath:/public/[0;39m 
2025-11-04 23:38:02.110 [com.alibaba.nacos.client.remote.worker] [34mINFO [0;39m [36mc.a.nacos.common.remote.client.grpc.GrpcClient[0;39m - [34mgrpc client connection server:nacos2 ip,serverPort:9848,grpcTslConfig:{"sslProvider":"","enableTls":false,"mutualAuthEnable":false,"trustAll":false}[0;39m 
2025-11-04 23:38:02.152 [com.alibaba.nacos.client.remote.worker] [34mINFO [0;39m [36mcom.alibaba.nacos.common.remote.client[0;39m - [34m[1cbd52a8-2491-4be5-b61b-8413c97e3aa4_config-0] Fail to connect server, after trying 9 times, last try server is {serverIp = 'nacos2', server main port = 8848}, error = unknown[0;39m 
2025-11-04 23:38:03.156 [com.alibaba.nacos.client.remote.worker] [34mINFO [0;39m [36mc.a.nacos.common.remote.client.grpc.GrpcClient[0;39m - [34mgrpc client connection server:nacos2 ip,serverPort:9848,grpcTslConfig:{"sslProvider":"","enableTls":false,"mutualAuthEnable":false,"trustAll":false}[0;39m 
2025-11-04 23:38:03.188 [com.alibaba.nacos.client.remote.worker] [34mINFO [0;39m [36mcom.alibaba.nacos.common.remote.client[0;39m - [34m[1cbd52a8-2491-4be5-b61b-8413c97e3aa4_config-0] Fail to connect server, after trying 10 times, last try server is {serverIp = 'nacos2', server main port = 8848}, error = unknown[0;39m 
2025-11-04 23:38:04.237 [main] [34mINFO [0;39m [36mcom.jbm.cluster.logs.BusinessLogCompleteTest[0;39m - [34mNo active profile set, falling back to 1 default profile: "default"[0;39m 
2025-11-04 23:38:04.294 [com.alibaba.nacos.client.remote.worker] [34mINFO [0;39m [36mc.a.nacos.common.remote.client.grpc.GrpcClient[0;39m - [34mgrpc client connection server:nacos2 ip,serverPort:9848,grpcTslConfig:{"sslProvider":"","enableTls":false,"mutualAuthEnable":false,"trustAll":false}[0;39m 
2025-11-04 23:38:04.403 [com.alibaba.nacos.client.remote.worker] [34mINFO [0;39m [36mcom.alibaba.nacos.common.remote.client[0;39m - [34m[1cbd52a8-2491-4be5-b61b-8413c97e3aa4_config-0] Fail to connect server, after trying 11 times, last try server is {serverIp = 'nacos2', server main port = 8848}, error = unknown[0;39m 
2025-11-04 23:38:05.000 [main] [34mINFO [0;39m [36mj.f.b.a.m.event.ApplicationEnvironmentDefaultEvent[0;39m - [34mresoures develop path is file:resources/,file:META-INF/resources/,file:static/,file:public/,classpath:/META-INF/resources/,classpath:/resources/,classpath:/static/,classpath:/public/[0;39m 
2025-11-04 23:38:05.050 [main] [34mINFO [0;39m [36mj.f.b.a.m.event.ApplicationEnvironmentDefaultEvent[0;39m - [34mresoures develop path is file:resources/,file:META-INF/resources/,file:static/,file:public/,classpath:/META-INF/resources/,classpath:/resources/,classpath:/static/,classpath:/public/[0;39m 
2025-11-04 23:38:05.604 [com.alibaba.nacos.client.remote.worker] [34mINFO [0;39m [36mc.a.nacos.common.remote.client.grpc.GrpcClient[0;39m - [34mgrpc client connection server:nacos2 ip,serverPort:9848,grpcTslConfig:{"sslProvider":"","enableTls":false,"mutualAuthEnable":false,"trustAll":false}[0;39m 
2025-11-04 23:38:05.638 [com.alibaba.nacos.client.remote.worker] [34mINFO [0;39m [36mcom.alibaba.nacos.common.remote.client[0;39m - [34m[1cbd52a8-2491-4be5-b61b-8413c97e3aa4_config-0] Fail to connect server, after trying 12 times, last try server is {serverIp = 'nacos2', server main port = 8848}, error = unknown[0;39m 
2025-11-04 23:38:06.943 [com.alibaba.nacos.client.remote.worker] [34mINFO [0;39m [36mc.a.nacos.common.remote.client.grpc.GrpcClient[0;39m - [34mgrpc client connection server:nacos2 ip,serverPort:9848,grpcTslConfig:{"sslProvider":"","enableTls":false,"mutualAuthEnable":false,"trustAll":false}[0;39m 
2025-11-04 23:38:06.984 [com.alibaba.nacos.client.remote.worker] [34mINFO [0;39m [36mcom.alibaba.nacos.common.remote.client[0;39m - [34m[1cbd52a8-2491-4be5-b61b-8413c97e3aa4_config-0] Fail to connect server, after trying 13 times, last try server is {serverIp = 'nacos2', server main port = 8848}, error = unknown[0;39m 
2025-11-04 23:38:07.582 [main] [34mINFO [0;39m [36mcom.jbm.cluster.logs.BusinessLogCompleteTest[0;39m - [34mNo active profile set, falling back to 1 default profile: "default"[0;39m 
2025-11-04 23:38:42.967 [main] [34mINFO [0;39m [36mj.f.b.a.m.event.ApplicationEnvironmentDefaultEvent[0;39m - [34mresoures develop path is file:resources/,file:META-INF/resources/,file:static/,file:public/,classpath:/META-INF/resources/,classpath:/resources/,classpath:/static/,classpath:/public/[0;39m 
2025-11-04 23:38:43.006 [background-preinit] [34mINFO [0;39m [36morg.hibernate.validator.internal.util.Version[0;39m - [34mHV000001: Hibernate Validator 6.2.2.Final[0;39m 
2025-11-04 23:38:43.022 [main] [34mINFO [0;39m [36mj.f.b.a.base.ApplicationEnvironmentDefaultEvent[0;39m - [34mjbm load properties:class path resource [configs/metrics.yml][0;39m 
2025-11-04 23:38:43.313 [main] [34mINFO [0;39m [36mc.a.n.p.auth.spi.client.ClientAuthPluginManager[0;39m - [34m[ClientAuthPluginManager] Load ClientAuthService com.alibaba.nacos.client.auth.impl.NacosClientAuthServiceImpl success.[0;39m 
2025-11-04 23:38:43.313 [main] [34mINFO [0;39m [36mc.a.n.p.auth.spi.client.ClientAuthPluginManager[0;39m - [34m[ClientAuthPluginManager] Load ClientAuthService com.alibaba.nacos.client.auth.ram.RamClientAuthServiceImpl success.[0;39m 
2025-11-04 23:38:43.372 [main] [34mINFO [0;39m [36mj.f.b.a.m.event.ApplicationEnvironmentDefaultEvent[0;39m - [34mresoures develop path is file:resources/,file:META-INF/resources/,file:static/,file:public/,classpath:/META-INF/resources/,classpath:/resources/,classpath:/static/,classpath:/public/[0;39m 
2025-11-04 23:38:43.390 [main] [34mINFO [0;39m [36mc.a.n.client.config.impl.LocalConfigInfoProcessor[0;39m - [34mLOCAL_SNAPSHOT_PATH:/Users/wesley/nacos/config[0;39m 
2025-11-04 23:38:43.393 [main] [34mINFO [0;39m [36mcom.alibaba.nacos.common.remote.client[0;39m - [34m[RpcClientFactory] create a new rpc client of f3fa151a-4f3e-4642-9226-3f0e8e0b9b3a_config-0[0;39m 
2025-11-04 23:38:43.410 [main] [34mINFO [0;39m [36mcom.alibaba.nacos.common.remote.client[0;39m - [34m[f3fa151a-4f3e-4642-9226-3f0e8e0b9b3a_config-0] Register server push request handler:com.alibaba.nacos.client.config.impl.ClientWorker$ConfigRpcTransportClient$$Lambda$655/1014824123[0;39m 
2025-11-04 23:38:43.411 [main] [34mINFO [0;39m [36mcom.alibaba.nacos.common.remote.client[0;39m - [34m[f3fa151a-4f3e-4642-9226-3f0e8e0b9b3a_config-0] Register server push request handler:com.alibaba.nacos.client.config.impl.ClientWorker$ConfigRpcTransportClient$$Lambda$656/723602324[0;39m 
2025-11-04 23:38:43.411 [main] [34mINFO [0;39m [36mcom.alibaba.nacos.common.remote.client[0;39m - [34m[f3fa151a-4f3e-4642-9226-3f0e8e0b9b3a_config-0] Registry connection listener to current client:com.alibaba.nacos.client.config.impl.ClientWorker$ConfigRpcTransportClient$1[0;39m 
2025-11-04 23:38:43.411 [main] [34mINFO [0;39m [36mcom.alibaba.nacos.common.remote.client[0;39m - [34m[f3fa151a-4f3e-4642-9226-3f0e8e0b9b3a_config-0] RpcClient init, ServerListFactory = com.alibaba.nacos.client.config.impl.ClientWorker$ConfigRpcTransportClient$2[0;39m 
2025-11-04 23:38:43.417 [main] [34mINFO [0;39m [36mcom.alibaba.nacos.common.remote.client[0;39m - [34m[f3fa151a-4f3e-4642-9226-3f0e8e0b9b3a_config-0] Try to connect to server on start up, server: {serverIp = 'nacos2', server main port = 8848}[0;39m 
2025-11-04 23:38:43.477 [main] [34mINFO [0;39m [36mc.a.nacos.common.remote.client.grpc.GrpcClient[0;39m - [34mgrpc client connection server:nacos2 ip,serverPort:9848,grpcTslConfig:{"sslProvider":"","enableTls":false,"mutualAuthEnable":false,"trustAll":false}[0;39m 
2025-11-04 23:38:43.965 [main] [34mINFO [0;39m [36mcom.alibaba.nacos.common.remote.client[0;39m - [34m[f3fa151a-4f3e-4642-9226-3f0e8e0b9b3a_config-0] Try to connect to server on start up, server: {serverIp = 'nacos2', server main port = 8848}[0;39m 
2025-11-04 23:38:43.965 [main] [34mINFO [0;39m [36mc.a.nacos.common.remote.client.grpc.GrpcClient[0;39m - [34mgrpc client connection server:nacos2 ip,serverPort:9848,grpcTslConfig:{"sslProvider":"","enableTls":false,"mutualAuthEnable":false,"trustAll":false}[0;39m 
2025-11-04 23:38:43.990 [main] [34mINFO [0;39m [36mcom.alibaba.nacos.common.remote.client[0;39m - [34m[f3fa151a-4f3e-4642-9226-3f0e8e0b9b3a_config-0] Try to connect to server on start up, server: {serverIp = 'nacos2', server main port = 8848}[0;39m 
2025-11-04 23:38:43.990 [main] [34mINFO [0;39m [36mc.a.nacos.common.remote.client.grpc.GrpcClient[0;39m - [34mgrpc client connection server:nacos2 ip,serverPort:9848,grpcTslConfig:{"sslProvider":"","enableTls":false,"mutualAuthEnable":false,"trustAll":false}[0;39m 
2025-11-04 23:38:44.014 [main] [34mINFO [0;39m [36mcom.alibaba.nacos.common.remote.client[0;39m - [34m[f3fa151a-4f3e-4642-9226-3f0e8e0b9b3a_config-0] Try to connect to server on start up, server: {serverIp = 'nacos2', server main port = 8848}[0;39m 
2025-11-04 23:38:44.014 [main] [34mINFO [0;39m [36mc.a.nacos.common.remote.client.grpc.GrpcClient[0;39m - [34mgrpc client connection server:nacos2 ip,serverPort:9848,grpcTslConfig:{"sslProvider":"","enableTls":false,"mutualAuthEnable":false,"trustAll":false}[0;39m 
2025-11-04 23:38:44.041 [com.alibaba.nacos.client.remote.worker] [34mINFO [0;39m [36mcom.alibaba.nacos.common.remote.client[0;39m - [34m[f3fa151a-4f3e-4642-9226-3f0e8e0b9b3a_config-0] Try to reconnect to a new server, server is  not appointed, will choose a random server.[0;39m 
2025-11-04 23:38:44.046 [com.alibaba.nacos.client.remote.worker] [34mINFO [0;39m [36mc.a.nacos.common.remote.client.grpc.GrpcClient[0;39m - [34mgrpc client connection server:nacos2 ip,serverPort:9848,grpcTslConfig:{"sslProvider":"","enableTls":false,"mutualAuthEnable":false,"trustAll":false}[0;39m 
2025-11-04 23:38:44.047 [main] [34mINFO [0;39m [36mcom.alibaba.nacos.common.remote.client[0;39m - [34m[f3fa151a-4f3e-4642-9226-3f0e8e0b9b3a_config-0] Register server push request handler:com.alibaba.nacos.common.remote.client.RpcClient$ConnectResetRequestHandler[0;39m 
2025-11-04 23:38:44.047 [main] [34mINFO [0;39m [36mcom.alibaba.nacos.common.remote.client[0;39m - [34m[f3fa151a-4f3e-4642-9226-3f0e8e0b9b3a_config-0] Register server push request handler:com.alibaba.nacos.common.remote.client.RpcClient$$Lambda$665/1907808127[0;39m 
2025-11-04 23:38:44.096 [main] [34mINFO [0;39m [36mcom.alibaba.nacos.client.config.impl.Limiter[0;39m - [34mlimitTime:5.0[0;39m 
2025-11-04 23:38:44.177 [com.alibaba.nacos.client.remote.worker] [34mINFO [0;39m [36mc.a.nacos.common.remote.client.grpc.GrpcClient[0;39m - [34mgrpc client connection server:nacos2 ip,serverPort:9848,grpcTslConfig:{"sslProvider":"","enableTls":false,"mutualAuthEnable":false,"trustAll":false}[0;39m 
2025-11-04 23:38:44.201 [com.alibaba.nacos.client.remote.worker] [34mINFO [0;39m [36mcom.alibaba.nacos.common.remote.client[0;39m - [34m[f3fa151a-4f3e-4642-9226-3f0e8e0b9b3a_config-0] Fail to connect server, after trying 1 times, last try server is {serverIp = 'nacos2', server main port = 8848}, error = unknown[0;39m 
2025-11-04 23:38:44.403 [com.alibaba.nacos.client.remote.worker] [34mINFO [0;39m [36mc.a.nacos.common.remote.client.grpc.GrpcClient[0;39m - [34mgrpc client connection server:nacos2 ip,serverPort:9848,grpcTslConfig:{"sslProvider":"","enableTls":false,"mutualAuthEnable":false,"trustAll":false}[0;39m 
2025-11-04 23:38:44.444 [com.alibaba.nacos.client.remote.worker] [34mINFO [0;39m [36mcom.alibaba.nacos.common.remote.client[0;39m - [34m[f3fa151a-4f3e-4642-9226-3f0e8e0b9b3a_config-0] Fail to connect server, after trying 2 times, last try server is {serverIp = 'nacos2', server main port = 8848}, error = unknown[0;39m 
2025-11-04 23:38:44.749 [com.alibaba.nacos.client.remote.worker] [34mINFO [0;39m [36mc.a.nacos.common.remote.client.grpc.GrpcClient[0;39m - [34mgrpc client connection server:nacos2 ip,serverPort:9848,grpcTslConfig:{"sslProvider":"","enableTls":false,"mutualAuthEnable":false,"trustAll":false}[0;39m 
2025-11-04 23:38:44.785 [com.alibaba.nacos.client.remote.worker] [34mINFO [0;39m [36mcom.alibaba.nacos.common.remote.client[0;39m - [34m[f3fa151a-4f3e-4642-9226-3f0e8e0b9b3a_config-0] Fail to connect server, after trying 3 times, last try server is {serverIp = 'nacos2', server main port = 8848}, error = unknown[0;39m 
2025-11-04 23:38:45.186 [com.alibaba.nacos.client.remote.worker] [34mINFO [0;39m [36mc.a.nacos.common.remote.client.grpc.GrpcClient[0;39m - [34mgrpc client connection server:nacos2 ip,serverPort:9848,grpcTslConfig:{"sslProvider":"","enableTls":false,"mutualAuthEnable":false,"trustAll":false}[0;39m 
2025-11-04 23:38:45.211 [com.alibaba.nacos.client.remote.worker] [34mINFO [0;39m [36mcom.alibaba.nacos.common.remote.client[0;39m - [34m[f3fa151a-4f3e-4642-9226-3f0e8e0b9b3a_config-0] Fail to connect server, after trying 4 times, last try server is {serverIp = 'nacos2', server main port = 8848}, error = unknown[0;39m 
2025-11-04 23:38:45.717 [com.alibaba.nacos.client.remote.worker] [34mINFO [0;39m [36mc.a.nacos.common.remote.client.grpc.GrpcClient[0;39m - [34mgrpc client connection server:nacos2 ip,serverPort:9848,grpcTslConfig:{"sslProvider":"","enableTls":false,"mutualAuthEnable":false,"trustAll":false}[0;39m 
2025-11-04 23:38:45.747 [com.alibaba.nacos.client.remote.worker] [34mINFO [0;39m [36mcom.alibaba.nacos.common.remote.client[0;39m - [34m[f3fa151a-4f3e-4642-9226-3f0e8e0b9b3a_config-0] Fail to connect server, after trying 5 times, last try server is {serverIp = 'nacos2', server main port = 8848}, error = unknown[0;39m 
2025-11-04 23:38:46.348 [com.alibaba.nacos.client.remote.worker] [34mINFO [0;39m [36mc.a.nacos.common.remote.client.grpc.GrpcClient[0;39m - [34mgrpc client connection server:nacos2 ip,serverPort:9848,grpcTslConfig:{"sslProvider":"","enableTls":false,"mutualAuthEnable":false,"trustAll":false}[0;39m 
2025-11-04 23:38:46.375 [com.alibaba.nacos.client.remote.worker] [34mINFO [0;39m [36mcom.alibaba.nacos.common.remote.client[0;39m - [34m[f3fa151a-4f3e-4642-9226-3f0e8e0b9b3a_config-0] Fail to connect server, after trying 6 times, last try server is {serverIp = 'nacos2', server main port = 8848}, error = unknown[0;39m 
2025-11-04 23:38:46.699 [main] [34mINFO [0;39m [36mj.f.b.a.m.event.ApplicationEnvironmentDefaultEvent[0;39m - [34mresoures develop path is file:resources/,file:META-INF/resources/,file:static/,file:public/,classpath:/META-INF/resources/,classpath:/resources/,classpath:/static/,classpath:/public/[0;39m 
2025-11-04 23:38:46.764 [main] [34mINFO [0;39m [36mj.f.b.a.m.event.ApplicationEnvironmentDefaultEvent[0;39m - [34mresoures develop path is file:resources/,file:META-INF/resources/,file:static/,file:public/,classpath:/META-INF/resources/,classpath:/resources/,classpath:/static/,classpath:/public/[0;39m 
2025-11-04 23:38:47.079 [com.alibaba.nacos.client.remote.worker] [34mINFO [0;39m [36mc.a.nacos.common.remote.client.grpc.GrpcClient[0;39m - [34mgrpc client connection server:nacos2 ip,serverPort:9848,grpcTslConfig:{"sslProvider":"","enableTls":false,"mutualAuthEnable":false,"trustAll":false}[0;39m 
2025-11-04 23:38:47.105 [com.alibaba.nacos.client.remote.worker] [34mINFO [0;39m [36mcom.alibaba.nacos.common.remote.client[0;39m - [34m[f3fa151a-4f3e-4642-9226-3f0e8e0b9b3a_config-0] Fail to connect server, after trying 7 times, last try server is {serverIp = 'nacos2', server main port = 8848}, error = unknown[0;39m 
2025-11-04 23:38:47.908 [com.alibaba.nacos.client.remote.worker] [34mINFO [0;39m [36mc.a.nacos.common.remote.client.grpc.GrpcClient[0;39m - [34mgrpc client connection server:nacos2 ip,serverPort:9848,grpcTslConfig:{"sslProvider":"","enableTls":false,"mutualAuthEnable":false,"trustAll":false}[0;39m 
2025-11-04 23:38:47.936 [com.alibaba.nacos.client.remote.worker] [34mINFO [0;39m [36mcom.alibaba.nacos.common.remote.client[0;39m - [34m[f3fa151a-4f3e-4642-9226-3f0e8e0b9b3a_config-0] Fail to connect server, after trying 8 times, last try server is {serverIp = 'nacos2', server main port = 8848}, error = unknown[0;39m 
2025-11-04 23:38:48.841 [com.alibaba.nacos.client.remote.worker] [34mINFO [0;39m [36mc.a.nacos.common.remote.client.grpc.GrpcClient[0;39m - [34mgrpc client connection server:nacos2 ip,serverPort:9848,grpcTslConfig:{"sslProvider":"","enableTls":false,"mutualAuthEnable":false,"trustAll":false}[0;39m 
2025-11-04 23:38:48.872 [com.alibaba.nacos.client.remote.worker] [34mINFO [0;39m [36mcom.alibaba.nacos.common.remote.client[0;39m - [34m[f3fa151a-4f3e-4642-9226-3f0e8e0b9b3a_config-0] Fail to connect server, after trying 9 times, last try server is {serverIp = 'nacos2', server main port = 8848}, error = unknown[0;39m 
2025-11-04 23:38:49.328 [main] [34mINFO [0;39m [36mj.f.b.a.m.event.ApplicationEnvironmentDefaultEvent[0;39m - [34mresoures develop path is file:resources/,file:META-INF/resources/,file:static/,file:public/,classpath:/META-INF/resources/,classpath:/resources/,classpath:/static/,classpath:/public/[0;39m 
2025-11-04 23:38:49.388 [main] [34mINFO [0;39m [36mj.f.b.a.m.event.ApplicationEnvironmentDefaultEvent[0;39m - [34mresoures develop path is file:resources/,file:META-INF/resources/,file:static/,file:public/,classpath:/META-INF/resources/,classpath:/resources/,classpath:/static/,classpath:/public/[0;39m 
2025-11-04 23:38:49.878 [com.alibaba.nacos.client.remote.worker] [34mINFO [0;39m [36mc.a.nacos.common.remote.client.grpc.GrpcClient[0;39m - [34mgrpc client connection server:nacos2 ip,serverPort:9848,grpcTslConfig:{"sslProvider":"","enableTls":false,"mutualAuthEnable":false,"trustAll":false}[0;39m 
2025-11-04 23:38:49.921 [com.alibaba.nacos.client.remote.worker] [34mINFO [0;39m [36mcom.alibaba.nacos.common.remote.client[0;39m - [34m[f3fa151a-4f3e-4642-9226-3f0e8e0b9b3a_config-0] Fail to connect server, after trying 10 times, last try server is {serverIp = 'nacos2', server main port = 8848}, error = unknown[0;39m 
2025-11-04 23:38:51.028 [com.alibaba.nacos.client.remote.worker] [34mINFO [0;39m [36mc.a.nacos.common.remote.client.grpc.GrpcClient[0;39m - [34mgrpc client connection server:nacos2 ip,serverPort:9848,grpcTslConfig:{"sslProvider":"","enableTls":false,"mutualAuthEnable":false,"trustAll":false}[0;39m 
2025-11-04 23:38:51.062 [com.alibaba.nacos.client.remote.worker] [34mINFO [0;39m [36mcom.alibaba.nacos.common.remote.client[0;39m - [34m[f3fa151a-4f3e-4642-9226-3f0e8e0b9b3a_config-0] Fail to connect server, after trying 11 times, last try server is {serverIp = 'nacos2', server main port = 8848}, error = unknown[0;39m 
2025-11-04 23:39:28.527 [main] [34mINFO [0;39m [36mj.f.b.a.m.event.ApplicationEnvironmentDefaultEvent[0;39m - [34mresoures develop path is file:resources/,file:META-INF/resources/,file:static/,file:public/,classpath:/META-INF/resources/,classpath:/resources/,classpath:/static/,classpath:/public/[0;39m 
2025-11-04 23:39:28.565 [background-preinit] [34mINFO [0;39m [36morg.hibernate.validator.internal.util.Version[0;39m - [34mHV000001: Hibernate Validator 6.2.2.Final[0;39m 
2025-11-04 23:39:28.580 [main] [34mINFO [0;39m [36mj.f.b.a.base.ApplicationEnvironmentDefaultEvent[0;39m - [34mjbm load properties:class path resource [configs/metrics.yml][0;39m 
2025-11-04 23:39:28.869 [main] [34mINFO [0;39m [36mc.a.n.p.auth.spi.client.ClientAuthPluginManager[0;39m - [34m[ClientAuthPluginManager] Load ClientAuthService com.alibaba.nacos.client.auth.impl.NacosClientAuthServiceImpl success.[0;39m 
2025-11-04 23:39:28.869 [main] [34mINFO [0;39m [36mc.a.n.p.auth.spi.client.ClientAuthPluginManager[0;39m - [34m[ClientAuthPluginManager] Load ClientAuthService com.alibaba.nacos.client.auth.ram.RamClientAuthServiceImpl success.[0;39m 
2025-11-04 23:39:28.926 [main] [34mINFO [0;39m [36mj.f.b.a.m.event.ApplicationEnvironmentDefaultEvent[0;39m - [34mresoures develop path is file:resources/,file:META-INF/resources/,file:static/,file:public/,classpath:/META-INF/resources/,classpath:/resources/,classpath:/static/,classpath:/public/[0;39m 
2025-11-04 23:39:28.942 [main] [34mINFO [0;39m [36mc.a.n.client.config.impl.LocalConfigInfoProcessor[0;39m - [34mLOCAL_SNAPSHOT_PATH:/Users/wesley/nacos/config[0;39m 
2025-11-04 23:39:28.946 [main] [34mINFO [0;39m [36mcom.alibaba.nacos.common.remote.client[0;39m - [34m[RpcClientFactory] create a new rpc client of b3593420-5dad-4878-98f3-9937d2a21c00_config-0[0;39m 
2025-11-04 23:39:28.963 [main] [34mINFO [0;39m [36mcom.alibaba.nacos.common.remote.client[0;39m - [34m[b3593420-5dad-4878-98f3-9937d2a21c00_config-0] Register server push request handler:com.alibaba.nacos.client.config.impl.ClientWorker$ConfigRpcTransportClient$$Lambda$655/1706790953[0;39m 
2025-11-04 23:39:28.963 [main] [34mINFO [0;39m [36mcom.alibaba.nacos.common.remote.client[0;39m - [34m[b3593420-5dad-4878-98f3-9937d2a21c00_config-0] Register server push request handler:com.alibaba.nacos.client.config.impl.ClientWorker$ConfigRpcTransportClient$$Lambda$656/1893987183[0;39m 
2025-11-04 23:39:28.963 [main] [34mINFO [0;39m [36mcom.alibaba.nacos.common.remote.client[0;39m - [34m[b3593420-5dad-4878-98f3-9937d2a21c00_config-0] Registry connection listener to current client:com.alibaba.nacos.client.config.impl.ClientWorker$ConfigRpcTransportClient$1[0;39m 
2025-11-04 23:39:28.964 [main] [34mINFO [0;39m [36mcom.alibaba.nacos.common.remote.client[0;39m - [34m[b3593420-5dad-4878-98f3-9937d2a21c00_config-0] RpcClient init, ServerListFactory = com.alibaba.nacos.client.config.impl.ClientWorker$ConfigRpcTransportClient$2[0;39m 
2025-11-04 23:39:28.969 [main] [34mINFO [0;39m [36mcom.alibaba.nacos.common.remote.client[0;39m - [34m[b3593420-5dad-4878-98f3-9937d2a21c00_config-0] Try to connect to server on start up, server: {serverIp = 'nacos2', server main port = 8848}[0;39m 
2025-11-04 23:39:29.025 [main] [34mINFO [0;39m [36mc.a.nacos.common.remote.client.grpc.GrpcClient[0;39m - [34mgrpc client connection server:nacos2 ip,serverPort:9848,grpcTslConfig:{"sslProvider":"","enableTls":false,"mutualAuthEnable":false,"trustAll":false}[0;39m 
2025-11-04 23:39:29.483 [main] [34mINFO [0;39m [36mcom.alibaba.nacos.common.remote.client[0;39m - [34m[b3593420-5dad-4878-98f3-9937d2a21c00_config-0] Try to connect to server on start up, server: {serverIp = 'nacos2', server main port = 8848}[0;39m 
2025-11-04 23:39:29.483 [main] [34mINFO [0;39m [36mc.a.nacos.common.remote.client.grpc.GrpcClient[0;39m - [34mgrpc client connection server:nacos2 ip,serverPort:9848,grpcTslConfig:{"sslProvider":"","enableTls":false,"mutualAuthEnable":false,"trustAll":false}[0;39m 
2025-11-04 23:39:29.509 [main] [34mINFO [0;39m [36mcom.alibaba.nacos.common.remote.client[0;39m - [34m[b3593420-5dad-4878-98f3-9937d2a21c00_config-0] Try to connect to server on start up, server: {serverIp = 'nacos2', server main port = 8848}[0;39m 
2025-11-04 23:39:29.509 [main] [34mINFO [0;39m [36mc.a.nacos.common.remote.client.grpc.GrpcClient[0;39m - [34mgrpc client connection server:nacos2 ip,serverPort:9848,grpcTslConfig:{"sslProvider":"","enableTls":false,"mutualAuthEnable":false,"trustAll":false}[0;39m 
2025-11-04 23:39:29.532 [main] [34mINFO [0;39m [36mcom.alibaba.nacos.common.remote.client[0;39m - [34m[b3593420-5dad-4878-98f3-9937d2a21c00_config-0] Try to connect to server on start up, server: {serverIp = 'nacos2', server main port = 8848}[0;39m 
2025-11-04 23:39:29.533 [main] [34mINFO [0;39m [36mc.a.nacos.common.remote.client.grpc.GrpcClient[0;39m - [34mgrpc client connection server:nacos2 ip,serverPort:9848,grpcTslConfig:{"sslProvider":"","enableTls":false,"mutualAuthEnable":false,"trustAll":false}[0;39m 
2025-11-04 23:39:29.560 [com.alibaba.nacos.client.remote.worker] [34mINFO [0;39m [36mcom.alibaba.nacos.common.remote.client[0;39m - [34m[b3593420-5dad-4878-98f3-9937d2a21c00_config-0] Try to reconnect to a new server, server is  not appointed, will choose a random server.[0;39m 
2025-11-04 23:39:29.560 [com.alibaba.nacos.client.remote.worker] [34mINFO [0;39m [36mc.a.nacos.common.remote.client.grpc.GrpcClient[0;39m - [34mgrpc client connection server:nacos2 ip,serverPort:9848,grpcTslConfig:{"sslProvider":"","enableTls":false,"mutualAuthEnable":false,"trustAll":false}[0;39m 
2025-11-04 23:39:29.561 [main] [34mINFO [0;39m [36mcom.alibaba.nacos.common.remote.client[0;39m - [34m[b3593420-5dad-4878-98f3-9937d2a21c00_config-0] Register server push request handler:com.alibaba.nacos.common.remote.client.RpcClient$ConnectResetRequestHandler[0;39m 
2025-11-04 23:39:29.561 [main] [34mINFO [0;39m [36mcom.alibaba.nacos.common.remote.client[0;39m - [34m[b3593420-5dad-4878-98f3-9937d2a21c00_config-0] Register server push request handler:com.alibaba.nacos.common.remote.client.RpcClient$$Lambda$665/409393797[0;39m 
2025-11-04 23:39:29.607 [main] [34mINFO [0;39m [36mcom.alibaba.nacos.client.config.impl.Limiter[0;39m - [34mlimitTime:5.0[0;39m 
2025-11-04 23:39:29.693 [com.alibaba.nacos.client.remote.worker] [34mINFO [0;39m [36mc.a.nacos.common.remote.client.grpc.GrpcClient[0;39m - [34mgrpc client connection server:nacos2 ip,serverPort:9848,grpcTslConfig:{"sslProvider":"","enableTls":false,"mutualAuthEnable":false,"trustAll":false}[0;39m 
2025-11-04 23:39:29.749 [com.alibaba.nacos.client.remote.worker] [34mINFO [0;39m [36mcom.alibaba.nacos.common.remote.client[0;39m - [34m[b3593420-5dad-4878-98f3-9937d2a21c00_config-0] Fail to connect server, after trying 1 times, last try server is {serverIp = 'nacos2', server main port = 8848}, error = unknown[0;39m 
2025-11-04 23:39:29.954 [com.alibaba.nacos.client.remote.worker] [34mINFO [0;39m [36mc.a.nacos.common.remote.client.grpc.GrpcClient[0;39m - [34mgrpc client connection server:nacos2 ip,serverPort:9848,grpcTslConfig:{"sslProvider":"","enableTls":false,"mutualAuthEnable":false,"trustAll":false}[0;39m 
2025-11-04 23:39:29.980 [com.alibaba.nacos.client.remote.worker] [34mINFO [0;39m [36mcom.alibaba.nacos.common.remote.client[0;39m - [34m[b3593420-5dad-4878-98f3-9937d2a21c00_config-0] Fail to connect server, after trying 2 times, last try server is {serverIp = 'nacos2', server main port = 8848}, error = unknown[0;39m 
2025-11-04 23:39:30.286 [com.alibaba.nacos.client.remote.worker] [34mINFO [0;39m [36mc.a.nacos.common.remote.client.grpc.GrpcClient[0;39m - [34mgrpc client connection server:nacos2 ip,serverPort:9848,grpcTslConfig:{"sslProvider":"","enableTls":false,"mutualAuthEnable":false,"trustAll":false}[0;39m 
2025-11-04 23:39:30.317 [com.alibaba.nacos.client.remote.worker] [34mINFO [0;39m [36mcom.alibaba.nacos.common.remote.client[0;39m - [34m[b3593420-5dad-4878-98f3-9937d2a21c00_config-0] Fail to connect server, after trying 3 times, last try server is {serverIp = 'nacos2', server main port = 8848}, error = unknown[0;39m 
2025-11-04 23:39:30.723 [com.alibaba.nacos.client.remote.worker] [34mINFO [0;39m [36mc.a.nacos.common.remote.client.grpc.GrpcClient[0;39m - [34mgrpc client connection server:nacos2 ip,serverPort:9848,grpcTslConfig:{"sslProvider":"","enableTls":false,"mutualAuthEnable":false,"trustAll":false}[0;39m 
2025-11-04 23:39:30.763 [com.alibaba.nacos.client.remote.worker] [34mINFO [0;39m [36mcom.alibaba.nacos.common.remote.client[0;39m - [34m[b3593420-5dad-4878-98f3-9937d2a21c00_config-0] Fail to connect server, after trying 4 times, last try server is {serverIp = 'nacos2', server main port = 8848}, error = unknown[0;39m 
2025-11-04 23:39:31.265 [com.alibaba.nacos.client.remote.worker] [34mINFO [0;39m [36mc.a.nacos.common.remote.client.grpc.GrpcClient[0;39m - [34mgrpc client connection server:nacos2 ip,serverPort:9848,grpcTslConfig:{"sslProvider":"","enableTls":false,"mutualAuthEnable":false,"trustAll":false}[0;39m 
2025-11-04 23:39:31.292 [com.alibaba.nacos.client.remote.worker] [34mINFO [0;39m [36mcom.alibaba.nacos.common.remote.client[0;39m - [34m[b3593420-5dad-4878-98f3-9937d2a21c00_config-0] Fail to connect server, after trying 5 times, last try server is {serverIp = 'nacos2', server main port = 8848}, error = unknown[0;39m 
2025-11-04 23:39:31.897 [com.alibaba.nacos.client.remote.worker] [34mINFO [0;39m [36mc.a.nacos.common.remote.client.grpc.GrpcClient[0;39m - [34mgrpc client connection server:nacos2 ip,serverPort:9848,grpcTslConfig:{"sslProvider":"","enableTls":false,"mutualAuthEnable":false,"trustAll":false}[0;39m 
2025-11-04 23:39:31.927 [com.alibaba.nacos.client.remote.worker] [34mINFO [0;39m [36mcom.alibaba.nacos.common.remote.client[0;39m - [34m[b3593420-5dad-4878-98f3-9937d2a21c00_config-0] Fail to connect server, after trying 6 times, last try server is {serverIp = 'nacos2', server main port = 8848}, error = unknown[0;39m 
2025-11-04 23:39:32.195 [main] [34mINFO [0;39m [36mj.f.b.a.m.event.ApplicationEnvironmentDefaultEvent[0;39m - [34mresoures develop path is file:resources/,file:META-INF/resources/,file:static/,file:public/,classpath:/META-INF/resources/,classpath:/resources/,classpath:/static/,classpath:/public/[0;39m 
2025-11-04 23:39:32.260 [main] [34mINFO [0;39m [36mj.f.b.a.m.event.ApplicationEnvironmentDefaultEvent[0;39m - [34mresoures develop path is file:resources/,file:META-INF/resources/,file:static/,file:public/,classpath:/META-INF/resources/,classpath:/resources/,classpath:/static/,classpath:/public/[0;39m 
2025-11-04 23:39:32.631 [com.alibaba.nacos.client.remote.worker] [34mINFO [0;39m [36mc.a.nacos.common.remote.client.grpc.GrpcClient[0;39m - [34mgrpc client connection server:nacos2 ip,serverPort:9848,grpcTslConfig:{"sslProvider":"","enableTls":false,"mutualAuthEnable":false,"trustAll":false}[0;39m 
2025-11-04 23:39:32.657 [com.alibaba.nacos.client.remote.worker] [34mINFO [0;39m [36mcom.alibaba.nacos.common.remote.client[0;39m - [34m[b3593420-5dad-4878-98f3-9937d2a21c00_config-0] Fail to connect server, after trying 7 times, last try server is {serverIp = 'nacos2', server main port = 8848}, error = unknown[0;39m 
2025-11-04 23:39:33.461 [com.alibaba.nacos.client.remote.worker] [34mINFO [0;39m [36mc.a.nacos.common.remote.client.grpc.GrpcClient[0;39m - [34mgrpc client connection server:nacos2 ip,serverPort:9848,grpcTslConfig:{"sslProvider":"","enableTls":false,"mutualAuthEnable":false,"trustAll":false}[0;39m 
2025-11-04 23:39:33.491 [com.alibaba.nacos.client.remote.worker] [34mINFO [0;39m [36mcom.alibaba.nacos.common.remote.client[0;39m - [34m[b3593420-5dad-4878-98f3-9937d2a21c00_config-0] Fail to connect server, after trying 8 times, last try server is {serverIp = 'nacos2', server main port = 8848}, error = unknown[0;39m 
2025-11-04 23:39:34.397 [com.alibaba.nacos.client.remote.worker] [34mINFO [0;39m [36mc.a.nacos.common.remote.client.grpc.GrpcClient[0;39m - [34mgrpc client connection server:nacos2 ip,serverPort:9848,grpcTslConfig:{"sslProvider":"","enableTls":false,"mutualAuthEnable":false,"trustAll":false}[0;39m 
2025-11-04 23:39:34.429 [com.alibaba.nacos.client.remote.worker] [34mINFO [0;39m [36mcom.alibaba.nacos.common.remote.client[0;39m - [34m[b3593420-5dad-4878-98f3-9937d2a21c00_config-0] Fail to connect server, after trying 9 times, last try server is {serverIp = 'nacos2', server main port = 8848}, error = unknown[0;39m 
2025-11-04 23:39:34.839 [main] [34mINFO [0;39m [36mj.f.b.a.m.event.ApplicationEnvironmentDefaultEvent[0;39m - [34mresoures develop path is file:resources/,file:META-INF/resources/,file:static/,file:public/,classpath:/META-INF/resources/,classpath:/resources/,classpath:/static/,classpath:/public/[0;39m 
2025-11-04 23:39:34.900 [main] [34mINFO [0;39m [36mj.f.b.a.m.event.ApplicationEnvironmentDefaultEvent[0;39m - [34mresoures develop path is file:resources/,file:META-INF/resources/,file:static/,file:public/,classpath:/META-INF/resources/,classpath:/resources/,classpath:/static/,classpath:/public/[0;39m 
2025-11-04 23:39:35.433 [com.alibaba.nacos.client.remote.worker] [34mINFO [0;39m [36mc.a.nacos.common.remote.client.grpc.GrpcClient[0;39m - [34mgrpc client connection server:nacos2 ip,serverPort:9848,grpcTslConfig:{"sslProvider":"","enableTls":false,"mutualAuthEnable":false,"trustAll":false}[0;39m 
2025-11-04 23:39:35.462 [com.alibaba.nacos.client.remote.worker] [34mINFO [0;39m [36mcom.alibaba.nacos.common.remote.client[0;39m - [34m[b3593420-5dad-4878-98f3-9937d2a21c00_config-0] Fail to connect server, after trying 10 times, last try server is {serverIp = 'nacos2', server main port = 8848}, error = unknown[0;39m 
2025-11-04 23:39:36.567 [com.alibaba.nacos.client.remote.worker] [34mINFO [0;39m [36mc.a.nacos.common.remote.client.grpc.GrpcClient[0;39m - [34mgrpc client connection server:nacos2 ip,serverPort:9848,grpcTslConfig:{"sslProvider":"","enableTls":false,"mutualAuthEnable":false,"trustAll":false}[0;39m 
2025-11-04 23:39:36.600 [com.alibaba.nacos.client.remote.worker] [34mINFO [0;39m [36mcom.alibaba.nacos.common.remote.client[0;39m - [34m[b3593420-5dad-4878-98f3-9937d2a21c00_config-0] Fail to connect server, after trying 11 times, last try server is {serverIp = 'nacos2', server main port = 8848}, error = unknown[0;39m 
2025-11-04 23:41:12.853 [main] [34mINFO [0;39m [36mj.f.b.a.m.event.ApplicationEnvironmentDefaultEvent[0;39m - [34mresoures develop path is file:resources/,file:META-INF/resources/,file:static/,file:public/,classpath:/META-INF/resources/,classpath:/resources/,classpath:/static/,classpath:/public/[0;39m 
2025-11-04 23:41:12.891 [background-preinit] [34mINFO [0;39m [36morg.hibernate.validator.internal.util.Version[0;39m - [34mHV000001: Hibernate Validator 6.2.2.Final[0;39m 
2025-11-04 23:41:12.908 [main] [34mINFO [0;39m [36mj.f.b.a.base.ApplicationEnvironmentDefaultEvent[0;39m - [34mjbm load properties:class path resource [configs/metrics.yml][0;39m 
2025-11-04 23:41:13.206 [main] [34mINFO [0;39m [36mc.a.n.p.auth.spi.client.ClientAuthPluginManager[0;39m - [34m[ClientAuthPluginManager] Load ClientAuthService com.alibaba.nacos.client.auth.impl.NacosClientAuthServiceImpl success.[0;39m 
2025-11-04 23:41:13.206 [main] [34mINFO [0;39m [36mc.a.n.p.auth.spi.client.ClientAuthPluginManager[0;39m - [34m[ClientAuthPluginManager] Load ClientAuthService com.alibaba.nacos.client.auth.ram.RamClientAuthServiceImpl success.[0;39m 
2025-11-04 23:41:13.265 [main] [34mINFO [0;39m [36mj.f.b.a.m.event.ApplicationEnvironmentDefaultEvent[0;39m - [34mresoures develop path is file:resources/,file:META-INF/resources/,file:static/,file:public/,classpath:/META-INF/resources/,classpath:/resources/,classpath:/static/,classpath:/public/[0;39m 
2025-11-04 23:41:13.283 [main] [34mINFO [0;39m [36mc.a.n.client.config.impl.LocalConfigInfoProcessor[0;39m - [34mLOCAL_SNAPSHOT_PATH:/Users/wesley/nacos/config[0;39m 
2025-11-04 23:41:13.287 [main] [34mINFO [0;39m [36mcom.alibaba.nacos.common.remote.client[0;39m - [34m[RpcClientFactory] create a new rpc client of 46de4af3-a5a6-41e8-a122-8d06b463b5b4_config-0[0;39m 
2025-11-04 23:41:13.305 [main] [34mINFO [0;39m [36mcom.alibaba.nacos.common.remote.client[0;39m - [34m[46de4af3-a5a6-41e8-a122-8d06b463b5b4_config-0] Register server push request handler:com.alibaba.nacos.client.config.impl.ClientWorker$ConfigRpcTransportClient$$Lambda$655/1014824123[0;39m 
2025-11-04 23:41:13.306 [main] [34mINFO [0;39m [36mcom.alibaba.nacos.common.remote.client[0;39m - [34m[46de4af3-a5a6-41e8-a122-8d06b463b5b4_config-0] Register server push request handler:com.alibaba.nacos.client.config.impl.ClientWorker$ConfigRpcTransportClient$$Lambda$656/723602324[0;39m 
2025-11-04 23:41:13.306 [main] [34mINFO [0;39m [36mcom.alibaba.nacos.common.remote.client[0;39m - [34m[46de4af3-a5a6-41e8-a122-8d06b463b5b4_config-0] Registry connection listener to current client:com.alibaba.nacos.client.config.impl.ClientWorker$ConfigRpcTransportClient$1[0;39m 
2025-11-04 23:41:13.306 [main] [34mINFO [0;39m [36mcom.alibaba.nacos.common.remote.client[0;39m - [34m[46de4af3-a5a6-41e8-a122-8d06b463b5b4_config-0] RpcClient init, ServerListFactory = com.alibaba.nacos.client.config.impl.ClientWorker$ConfigRpcTransportClient$2[0;39m 
2025-11-04 23:41:13.312 [main] [34mINFO [0;39m [36mcom.alibaba.nacos.common.remote.client[0;39m - [34m[46de4af3-a5a6-41e8-a122-8d06b463b5b4_config-0] Try to connect to server on start up, server: {serverIp = 'nacos2', server main port = 8848}[0;39m 
2025-11-04 23:41:13.381 [main] [34mINFO [0;39m [36mc.a.nacos.common.remote.client.grpc.GrpcClient[0;39m - [34mgrpc client connection server:nacos2 ip,serverPort:9848,grpcTslConfig:{"sslProvider":"","enableTls":false,"mutualAuthEnable":false,"trustAll":false}[0;39m 
2025-11-04 23:41:13.858 [main] [34mINFO [0;39m [36mcom.alibaba.nacos.common.remote.client[0;39m - [34m[46de4af3-a5a6-41e8-a122-8d06b463b5b4_config-0] Try to connect to server on start up, server: {serverIp = 'nacos2', server main port = 8848}[0;39m 
2025-11-04 23:41:13.858 [main] [34mINFO [0;39m [36mc.a.nacos.common.remote.client.grpc.GrpcClient[0;39m - [34mgrpc client connection server:nacos2 ip,serverPort:9848,grpcTslConfig:{"sslProvider":"","enableTls":false,"mutualAuthEnable":false,"trustAll":false}[0;39m 
2025-11-04 23:41:13.884 [main] [34mINFO [0;39m [36mcom.alibaba.nacos.common.remote.client[0;39m - [34m[46de4af3-a5a6-41e8-a122-8d06b463b5b4_config-0] Try to connect to server on start up, server: {serverIp = 'nacos2', server main port = 8848}[0;39m 
2025-11-04 23:41:13.884 [main] [34mINFO [0;39m [36mc.a.nacos.common.remote.client.grpc.GrpcClient[0;39m - [34mgrpc client connection server:nacos2 ip,serverPort:9848,grpcTslConfig:{"sslProvider":"","enableTls":false,"mutualAuthEnable":false,"trustAll":false}[0;39m 
2025-11-04 23:41:13.908 [main] [34mINFO [0;39m [36mcom.alibaba.nacos.common.remote.client[0;39m - [34m[46de4af3-a5a6-41e8-a122-8d06b463b5b4_config-0] Try to connect to server on start up, server: {serverIp = 'nacos2', server main port = 8848}[0;39m 
2025-11-04 23:41:13.909 [main] [34mINFO [0;39m [36mc.a.nacos.common.remote.client.grpc.GrpcClient[0;39m - [34mgrpc client connection server:nacos2 ip,serverPort:9848,grpcTslConfig:{"sslProvider":"","enableTls":false,"mutualAuthEnable":false,"trustAll":false}[0;39m 
2025-11-04 23:41:13.933 [com.alibaba.nacos.client.remote.worker] [34mINFO [0;39m [36mcom.alibaba.nacos.common.remote.client[0;39m - [34m[46de4af3-a5a6-41e8-a122-8d06b463b5b4_config-0] Try to reconnect to a new server, server is  not appointed, will choose a random server.[0;39m 
2025-11-04 23:41:13.933 [main] [34mINFO [0;39m [36mcom.alibaba.nacos.common.remote.client[0;39m - [34m[46de4af3-a5a6-41e8-a122-8d06b463b5b4_config-0] Register server push request handler:com.alibaba.nacos.common.remote.client.RpcClient$ConnectResetRequestHandler[0;39m 
2025-11-04 23:41:13.934 [com.alibaba.nacos.client.remote.worker] [34mINFO [0;39m [36mc.a.nacos.common.remote.client.grpc.GrpcClient[0;39m - [34mgrpc client connection server:nacos2 ip,serverPort:9848,grpcTslConfig:{"sslProvider":"","enableTls":false,"mutualAuthEnable":false,"trustAll":false}[0;39m 
2025-11-04 23:41:13.934 [main] [34mINFO [0;39m [36mcom.alibaba.nacos.common.remote.client[0;39m - [34m[46de4af3-a5a6-41e8-a122-8d06b463b5b4_config-0] Register server push request handler:com.alibaba.nacos.common.remote.client.RpcClient$$Lambda$665/1907808127[0;39m 
2025-11-04 23:41:13.985 [main] [34mINFO [0;39m [36mcom.alibaba.nacos.client.config.impl.Limiter[0;39m - [34mlimitTime:5.0[0;39m 
2025-11-04 23:41:14.063 [com.alibaba.nacos.client.remote.worker] [34mINFO [0;39m [36mc.a.nacos.common.remote.client.grpc.GrpcClient[0;39m - [34mgrpc client connection server:nacos2 ip,serverPort:9848,grpcTslConfig:{"sslProvider":"","enableTls":false,"mutualAuthEnable":false,"trustAll":false}[0;39m 
2025-11-04 23:41:14.086 [com.alibaba.nacos.client.remote.worker] [34mINFO [0;39m [36mcom.alibaba.nacos.common.remote.client[0;39m - [34m[46de4af3-a5a6-41e8-a122-8d06b463b5b4_config-0] Fail to connect server, after trying 1 times, last try server is {serverIp = 'nacos2', server main port = 8848}, error = unknown[0;39m 
2025-11-04 23:41:14.290 [com.alibaba.nacos.client.remote.worker] [34mINFO [0;39m [36mc.a.nacos.common.remote.client.grpc.GrpcClient[0;39m - [34mgrpc client connection server:nacos2 ip,serverPort:9848,grpcTslConfig:{"sslProvider":"","enableTls":false,"mutualAuthEnable":false,"trustAll":false}[0;39m 
2025-11-04 23:41:14.314 [com.alibaba.nacos.client.remote.worker] [34mINFO [0;39m [36mcom.alibaba.nacos.common.remote.client[0;39m - [34m[46de4af3-a5a6-41e8-a122-8d06b463b5b4_config-0] Fail to connect server, after trying 2 times, last try server is {serverIp = 'nacos2', server main port = 8848}, error = unknown[0;39m 
2025-11-04 23:41:14.618 [com.alibaba.nacos.client.remote.worker] [34mINFO [0;39m [36mc.a.nacos.common.remote.client.grpc.GrpcClient[0;39m - [34mgrpc client connection server:nacos2 ip,serverPort:9848,grpcTslConfig:{"sslProvider":"","enableTls":false,"mutualAuthEnable":false,"trustAll":false}[0;39m 
2025-11-04 23:41:14.644 [com.alibaba.nacos.client.remote.worker] [34mINFO [0;39m [36mcom.alibaba.nacos.common.remote.client[0;39m - [34m[46de4af3-a5a6-41e8-a122-8d06b463b5b4_config-0] Fail to connect server, after trying 3 times, last try server is {serverIp = 'nacos2', server main port = 8848}, error = unknown[0;39m 
2025-11-04 23:41:15.049 [com.alibaba.nacos.client.remote.worker] [34mINFO [0;39m [36mc.a.nacos.common.remote.client.grpc.GrpcClient[0;39m - [34mgrpc client connection server:nacos2 ip,serverPort:9848,grpcTslConfig:{"sslProvider":"","enableTls":false,"mutualAuthEnable":false,"trustAll":false}[0;39m 
2025-11-04 23:41:15.084 [com.alibaba.nacos.client.remote.worker] [34mINFO [0;39m [36mcom.alibaba.nacos.common.remote.client[0;39m - [34m[46de4af3-a5a6-41e8-a122-8d06b463b5b4_config-0] Fail to connect server, after trying 4 times, last try server is {serverIp = 'nacos2', server main port = 8848}, error = unknown[0;39m 
2025-11-04 23:41:15.586 [com.alibaba.nacos.client.remote.worker] [34mINFO [0;39m [36mc.a.nacos.common.remote.client.grpc.GrpcClient[0;39m - [34mgrpc client connection server:nacos2 ip,serverPort:9848,grpcTslConfig:{"sslProvider":"","enableTls":false,"mutualAuthEnable":false,"trustAll":false}[0;39m 
2025-11-04 23:41:15.620 [com.alibaba.nacos.client.remote.worker] [34mINFO [0;39m [36mcom.alibaba.nacos.common.remote.client[0;39m - [34m[46de4af3-a5a6-41e8-a122-8d06b463b5b4_config-0] Fail to connect server, after trying 5 times, last try server is {serverIp = 'nacos2', server main port = 8848}, error = unknown[0;39m 
2025-11-04 23:41:16.226 [com.alibaba.nacos.client.remote.worker] [34mINFO [0;39m [36mc.a.nacos.common.remote.client.grpc.GrpcClient[0;39m - [34mgrpc client connection server:nacos2 ip,serverPort:9848,grpcTslConfig:{"sslProvider":"","enableTls":false,"mutualAuthEnable":false,"trustAll":false}[0;39m 
2025-11-04 23:41:16.260 [com.alibaba.nacos.client.remote.worker] [34mINFO [0;39m [36mcom.alibaba.nacos.common.remote.client[0;39m - [34m[46de4af3-a5a6-41e8-a122-8d06b463b5b4_config-0] Fail to connect server, after trying 6 times, last try server is {serverIp = 'nacos2', server main port = 8848}, error = unknown[0;39m 
2025-11-04 23:41:16.611 [main] [34mINFO [0;39m [36mj.f.b.a.m.event.ApplicationEnvironmentDefaultEvent[0;39m - [34mresoures develop path is file:resources/,file:META-INF/resources/,file:static/,file:public/,classpath:/META-INF/resources/,classpath:/resources/,classpath:/static/,classpath:/public/[0;39m 
2025-11-04 23:41:16.677 [main] [34mINFO [0;39m [36mj.f.b.a.m.event.ApplicationEnvironmentDefaultEvent[0;39m - [34mresoures develop path is file:resources/,file:META-INF/resources/,file:static/,file:public/,classpath:/META-INF/resources/,classpath:/resources/,classpath:/static/,classpath:/public/[0;39m 
2025-11-04 23:41:16.965 [com.alibaba.nacos.client.remote.worker] [34mINFO [0;39m [36mc.a.nacos.common.remote.client.grpc.GrpcClient[0;39m - [34mgrpc client connection server:nacos2 ip,serverPort:9848,grpcTslConfig:{"sslProvider":"","enableTls":false,"mutualAuthEnable":false,"trustAll":false}[0;39m 
2025-11-04 23:41:16.988 [com.alibaba.nacos.client.remote.worker] [34mINFO [0;39m [36mcom.alibaba.nacos.common.remote.client[0;39m - [34m[46de4af3-a5a6-41e8-a122-8d06b463b5b4_config-0] Fail to connect server, after trying 7 times, last try server is {serverIp = 'nacos2', server main port = 8848}, error = unknown[0;39m 
2025-11-04 23:41:17.792 [com.alibaba.nacos.client.remote.worker] [34mINFO [0;39m [36mc.a.nacos.common.remote.client.grpc.GrpcClient[0;39m - [34mgrpc client connection server:nacos2 ip,serverPort:9848,grpcTslConfig:{"sslProvider":"","enableTls":false,"mutualAuthEnable":false,"trustAll":false}[0;39m 
2025-11-04 23:41:17.832 [com.alibaba.nacos.client.remote.worker] [34mINFO [0;39m [36mcom.alibaba.nacos.common.remote.client[0;39m - [34m[46de4af3-a5a6-41e8-a122-8d06b463b5b4_config-0] Fail to connect server, after trying 8 times, last try server is {serverIp = 'nacos2', server main port = 8848}, error = unknown[0;39m 
2025-11-04 23:41:18.737 [com.alibaba.nacos.client.remote.worker] [34mINFO [0;39m [36mc.a.nacos.common.remote.client.grpc.GrpcClient[0;39m - [34mgrpc client connection server:nacos2 ip,serverPort:9848,grpcTslConfig:{"sslProvider":"","enableTls":false,"mutualAuthEnable":false,"trustAll":false}[0;39m 
2025-11-04 23:41:18.776 [com.alibaba.nacos.client.remote.worker] [34mINFO [0;39m [36mcom.alibaba.nacos.common.remote.client[0;39m - [34m[46de4af3-a5a6-41e8-a122-8d06b463b5b4_config-0] Fail to connect server, after trying 9 times, last try server is {serverIp = 'nacos2', server main port = 8848}, error = unknown[0;39m 
2025-11-04 23:41:19.292 [main] [34mINFO [0;39m [36mj.f.b.a.m.event.ApplicationEnvironmentDefaultEvent[0;39m - [34mresoures develop path is file:resources/,file:META-INF/resources/,file:static/,file:public/,classpath:/META-INF/resources/,classpath:/resources/,classpath:/static/,classpath:/public/[0;39m 
2025-11-04 23:41:19.349 [main] [34mINFO [0;39m [36mj.f.b.a.m.event.ApplicationEnvironmentDefaultEvent[0;39m - [34mresoures develop path is file:resources/,file:META-INF/resources/,file:static/,file:public/,classpath:/META-INF/resources/,classpath:/resources/,classpath:/static/,classpath:/public/[0;39m 
2025-11-04 23:41:19.782 [com.alibaba.nacos.client.remote.worker] [34mINFO [0;39m [36mc.a.nacos.common.remote.client.grpc.GrpcClient[0;39m - [34mgrpc client connection server:nacos2 ip,serverPort:9848,grpcTslConfig:{"sslProvider":"","enableTls":false,"mutualAuthEnable":false,"trustAll":false}[0;39m 
2025-11-04 23:41:19.815 [com.alibaba.nacos.client.remote.worker] [34mINFO [0;39m [36mcom.alibaba.nacos.common.remote.client[0;39m - [34m[46de4af3-a5a6-41e8-a122-8d06b463b5b4_config-0] Fail to connect server, after trying 10 times, last try server is {serverIp = 'nacos2', server main port = 8848}, error = unknown[0;39m 
2025-11-04 23:41:20.922 [com.alibaba.nacos.client.remote.worker] [34mINFO [0;39m [36mc.a.nacos.common.remote.client.grpc.GrpcClient[0;39m - [34mgrpc client connection server:nacos2 ip,serverPort:9848,grpcTslConfig:{"sslProvider":"","enableTls":false,"mutualAuthEnable":false,"trustAll":false}[0;39m 
2025-11-04 23:41:20.956 [com.alibaba.nacos.client.remote.worker] [34mINFO [0;39m [36mcom.alibaba.nacos.common.remote.client[0;39m - [34m[46de4af3-a5a6-41e8-a122-8d06b463b5b4_config-0] Fail to connect server, after trying 11 times, last try server is {serverIp = 'nacos2', server main port = 8848}, error = unknown[0;39m 
2025-11-04 23:41:50.403 [main] [34mINFO [0;39m [36mj.f.b.a.m.event.ApplicationEnvironmentDefaultEvent[0;39m - [34mresoures develop path is file:resources/,file:META-INF/resources/,file:static/,file:public/,classpath:/META-INF/resources/,classpath:/resources/,classpath:/static/,classpath:/public/[0;39m 
2025-11-04 23:41:50.442 [background-preinit] [34mINFO [0;39m [36morg.hibernate.validator.internal.util.Version[0;39m - [34mHV000001: Hibernate Validator 6.2.2.Final[0;39m 
2025-11-04 23:41:50.457 [main] [34mINFO [0;39m [36mj.f.b.a.base.ApplicationEnvironmentDefaultEvent[0;39m - [34mjbm load properties:class path resource [configs/metrics.yml][0;39m 
2025-11-04 23:41:50.761 [main] [34mINFO [0;39m [36mc.a.n.p.auth.spi.client.ClientAuthPluginManager[0;39m - [34m[ClientAuthPluginManager] Load ClientAuthService com.alibaba.nacos.client.auth.impl.NacosClientAuthServiceImpl success.[0;39m 
2025-11-04 23:41:50.761 [main] [34mINFO [0;39m [36mc.a.n.p.auth.spi.client.ClientAuthPluginManager[0;39m - [34m[ClientAuthPluginManager] Load ClientAuthService com.alibaba.nacos.client.auth.ram.RamClientAuthServiceImpl success.[0;39m 
2025-11-04 23:41:50.820 [main] [34mINFO [0;39m [36mj.f.b.a.m.event.ApplicationEnvironmentDefaultEvent[0;39m - [34mresoures develop path is file:resources/,file:META-INF/resources/,file:static/,file:public/,classpath:/META-INF/resources/,classpath:/resources/,classpath:/static/,classpath:/public/[0;39m 
2025-11-04 23:41:50.841 [main] [34mINFO [0;39m [36mc.a.n.client.config.impl.LocalConfigInfoProcessor[0;39m - [34mLOCAL_SNAPSHOT_PATH:/Users/wesley/nacos/config[0;39m 
2025-11-04 23:41:50.844 [main] [34mINFO [0;39m [36mcom.alibaba.nacos.common.remote.client[0;39m - [34m[RpcClientFactory] create a new rpc client of 862d6eec-9776-472e-af5d-07bcbb8ad03e_config-0[0;39m 
2025-11-04 23:41:50.862 [main] [34mINFO [0;39m [36mcom.alibaba.nacos.common.remote.client[0;39m - [34m[862d6eec-9776-472e-af5d-07bcbb8ad03e_config-0] Register server push request handler:com.alibaba.nacos.client.config.impl.ClientWorker$ConfigRpcTransportClient$$Lambda$660/673129458[0;39m 
2025-11-04 23:41:50.862 [main] [34mINFO [0;39m [36mcom.alibaba.nacos.common.remote.client[0;39m - [34m[862d6eec-9776-472e-af5d-07bcbb8ad03e_config-0] Register server push request handler:com.alibaba.nacos.client.config.impl.ClientWorker$ConfigRpcTransportClient$$Lambda$661/2015455415[0;39m 
2025-11-04 23:41:50.862 [main] [34mINFO [0;39m [36mcom.alibaba.nacos.common.remote.client[0;39m - [34m[862d6eec-9776-472e-af5d-07bcbb8ad03e_config-0] Registry connection listener to current client:com.alibaba.nacos.client.config.impl.ClientWorker$ConfigRpcTransportClient$1[0;39m 
2025-11-04 23:41:50.863 [main] [34mINFO [0;39m [36mcom.alibaba.nacos.common.remote.client[0;39m - [34m[862d6eec-9776-472e-af5d-07bcbb8ad03e_config-0] RpcClient init, ServerListFactory = com.alibaba.nacos.client.config.impl.ClientWorker$ConfigRpcTransportClient$2[0;39m 
2025-11-04 23:41:50.868 [main] [34mINFO [0;39m [36mcom.alibaba.nacos.common.remote.client[0;39m - [34m[862d6eec-9776-472e-af5d-07bcbb8ad03e_config-0] Try to connect to server on start up, server: {serverIp = 'nacos2', server main port = 8848}[0;39m 
2025-11-04 23:41:50.936 [main] [34mINFO [0;39m [36mc.a.nacos.common.remote.client.grpc.GrpcClient[0;39m - [34mgrpc client connection server:nacos2 ip,serverPort:9848,grpcTslConfig:{"sslProvider":"","enableTls":false,"mutualAuthEnable":false,"trustAll":false}[0;39m 
2025-11-04 23:41:51.455 [main] [34mINFO [0;39m [36mcom.alibaba.nacos.common.remote.client[0;39m - [34m[862d6eec-9776-472e-af5d-07bcbb8ad03e_config-0] Try to connect to server on start up, server: {serverIp = 'nacos2', server main port = 8848}[0;39m 
2025-11-04 23:41:51.456 [main] [34mINFO [0;39m [36mc.a.nacos.common.remote.client.grpc.GrpcClient[0;39m - [34mgrpc client connection server:nacos2 ip,serverPort:9848,grpcTslConfig:{"sslProvider":"","enableTls":false,"mutualAuthEnable":false,"trustAll":false}[0;39m 
2025-11-04 23:41:51.482 [main] [34mINFO [0;39m [36mcom.alibaba.nacos.common.remote.client[0;39m - [34m[862d6eec-9776-472e-af5d-07bcbb8ad03e_config-0] Try to connect to server on start up, server: {serverIp = 'nacos2', server main port = 8848}[0;39m 
2025-11-04 23:41:51.482 [main] [34mINFO [0;39m [36mc.a.nacos.common.remote.client.grpc.GrpcClient[0;39m - [34mgrpc client connection server:nacos2 ip,serverPort:9848,grpcTslConfig:{"sslProvider":"","enableTls":false,"mutualAuthEnable":false,"trustAll":false}[0;39m 
2025-11-04 23:41:51.515 [main] [34mINFO [0;39m [36mcom.alibaba.nacos.common.remote.client[0;39m - [34m[862d6eec-9776-472e-af5d-07bcbb8ad03e_config-0] Try to connect to server on start up, server: {serverIp = 'nacos2', server main port = 8848}[0;39m 
2025-11-04 23:41:51.515 [main] [34mINFO [0;39m [36mc.a.nacos.common.remote.client.grpc.GrpcClient[0;39m - [34mgrpc client connection server:nacos2 ip,serverPort:9848,grpcTslConfig:{"sslProvider":"","enableTls":false,"mutualAuthEnable":false,"trustAll":false}[0;39m 
2025-11-04 23:41:51.540 [com.alibaba.nacos.client.remote.worker] [34mINFO [0;39m [36mcom.alibaba.nacos.common.remote.client[0;39m - [34m[862d6eec-9776-472e-af5d-07bcbb8ad03e_config-0] Try to reconnect to a new server, server is  not appointed, will choose a random server.[0;39m 
2025-11-04 23:41:51.540 [main] [34mINFO [0;39m [36mcom.alibaba.nacos.common.remote.client[0;39m - [34m[862d6eec-9776-472e-af5d-07bcbb8ad03e_config-0] Register server push request handler:com.alibaba.nacos.common.remote.client.RpcClient$ConnectResetRequestHandler[0;39m 
2025-11-04 23:41:51.540 [com.alibaba.nacos.client.remote.worker] [34mINFO [0;39m [36mc.a.nacos.common.remote.client.grpc.GrpcClient[0;39m - [34mgrpc client connection server:nacos2 ip,serverPort:9848,grpcTslConfig:{"sslProvider":"","enableTls":false,"mutualAuthEnable":false,"trustAll":false}[0;39m 
2025-11-04 23:41:51.540 [main] [34mINFO [0;39m [36mcom.alibaba.nacos.common.remote.client[0;39m - [34m[862d6eec-9776-472e-af5d-07bcbb8ad03e_config-0] Register server push request handler:com.alibaba.nacos.common.remote.client.RpcClient$$Lambda$670/1401095299[0;39m 
2025-11-04 23:41:51.593 [main] [34mINFO [0;39m [36mcom.alibaba.nacos.client.config.impl.Limiter[0;39m - [34mlimitTime:5.0[0;39m 
2025-11-04 23:41:51.673 [com.alibaba.nacos.client.remote.worker] [34mINFO [0;39m [36mc.a.nacos.common.remote.client.grpc.GrpcClient[0;39m - [34mgrpc client connection server:nacos2 ip,serverPort:9848,grpcTslConfig:{"sslProvider":"","enableTls":false,"mutualAuthEnable":false,"trustAll":false}[0;39m 
2025-11-04 23:41:51.704 [com.alibaba.nacos.client.remote.worker] [34mINFO [0;39m [36mcom.alibaba.nacos.common.remote.client[0;39m - [34m[862d6eec-9776-472e-af5d-07bcbb8ad03e_config-0] Fail to connect server, after trying 1 times, last try server is {serverIp = 'nacos2', server main port = 8848}, error = unknown[0;39m 
2025-11-04 23:41:51.907 [com.alibaba.nacos.client.remote.worker] [34mINFO [0;39m [36mc.a.nacos.common.remote.client.grpc.GrpcClient[0;39m - [34mgrpc client connection server:nacos2 ip,serverPort:9848,grpcTslConfig:{"sslProvider":"","enableTls":false,"mutualAuthEnable":false,"trustAll":false}[0;39m 
2025-11-04 23:41:51.937 [com.alibaba.nacos.client.remote.worker] [34mINFO [0;39m [36mcom.alibaba.nacos.common.remote.client[0;39m - [34m[862d6eec-9776-472e-af5d-07bcbb8ad03e_config-0] Fail to connect server, after trying 2 times, last try server is {serverIp = 'nacos2', server main port = 8848}, error = unknown[0;39m 
2025-11-04 23:41:52.243 [com.alibaba.nacos.client.remote.worker] [34mINFO [0;39m [36mc.a.nacos.common.remote.client.grpc.GrpcClient[0;39m - [34mgrpc client connection server:nacos2 ip,serverPort:9848,grpcTslConfig:{"sslProvider":"","enableTls":false,"mutualAuthEnable":false,"trustAll":false}[0;39m 
2025-11-04 23:41:52.280 [com.alibaba.nacos.client.remote.worker] [34mINFO [0;39m [36mcom.alibaba.nacos.common.remote.client[0;39m - [34m[862d6eec-9776-472e-af5d-07bcbb8ad03e_config-0] Fail to connect server, after trying 3 times, last try server is {serverIp = 'nacos2', server main port = 8848}, error = unknown[0;39m 
2025-11-04 23:41:52.681 [com.alibaba.nacos.client.remote.worker] [34mINFO [0;39m [36mc.a.nacos.common.remote.client.grpc.GrpcClient[0;39m - [34mgrpc client connection server:nacos2 ip,serverPort:9848,grpcTslConfig:{"sslProvider":"","enableTls":false,"mutualAuthEnable":false,"trustAll":false}[0;39m 
2025-11-04 23:41:52.714 [com.alibaba.nacos.client.remote.worker] [34mINFO [0;39m [36mcom.alibaba.nacos.common.remote.client[0;39m - [34m[862d6eec-9776-472e-af5d-07bcbb8ad03e_config-0] Fail to connect server, after trying 4 times, last try server is {serverIp = 'nacos2', server main port = 8848}, error = unknown[0;39m 
2025-11-04 23:41:53.219 [com.alibaba.nacos.client.remote.worker] [34mINFO [0;39m [36mc.a.nacos.common.remote.client.grpc.GrpcClient[0;39m - [34mgrpc client connection server:nacos2 ip,serverPort:9848,grpcTslConfig:{"sslProvider":"","enableTls":false,"mutualAuthEnable":false,"trustAll":false}[0;39m 
2025-11-04 23:41:53.248 [com.alibaba.nacos.client.remote.worker] [34mINFO [0;39m [36mcom.alibaba.nacos.common.remote.client[0;39m - [34m[862d6eec-9776-472e-af5d-07bcbb8ad03e_config-0] Fail to connect server, after trying 5 times, last try server is {serverIp = 'nacos2', server main port = 8848}, error = unknown[0;39m 
2025-11-04 23:41:53.852 [com.alibaba.nacos.client.remote.worker] [34mINFO [0;39m [36mc.a.nacos.common.remote.client.grpc.GrpcClient[0;39m - [34mgrpc client connection server:nacos2 ip,serverPort:9848,grpcTslConfig:{"sslProvider":"","enableTls":false,"mutualAuthEnable":false,"trustAll":false}[0;39m 
2025-11-04 23:41:53.883 [com.alibaba.nacos.client.remote.worker] [34mINFO [0;39m [36mcom.alibaba.nacos.common.remote.client[0;39m - [34m[862d6eec-9776-472e-af5d-07bcbb8ad03e_config-0] Fail to connect server, after trying 6 times, last try server is {serverIp = 'nacos2', server main port = 8848}, error = unknown[0;39m 
2025-11-04 23:41:54.130 [main] [34mINFO [0;39m [36mcom.jbm.cluster.logs.BusinessLogCompleteTest[0;39m - [34mNo active profile set, falling back to 1 default profile: "default"[0;39m 
2025-11-04 23:41:54.589 [com.alibaba.nacos.client.remote.worker] [34mINFO [0;39m [36mc.a.nacos.common.remote.client.grpc.GrpcClient[0;39m - [34mgrpc client connection server:nacos2 ip,serverPort:9848,grpcTslConfig:{"sslProvider":"","enableTls":false,"mutualAuthEnable":false,"trustAll":false}[0;39m 
2025-11-04 23:41:54.614 [com.alibaba.nacos.client.remote.worker] [34mINFO [0;39m [36mcom.alibaba.nacos.common.remote.client[0;39m - [34m[862d6eec-9776-472e-af5d-07bcbb8ad03e_config-0] Fail to connect server, after trying 7 times, last try server is {serverIp = 'nacos2', server main port = 8848}, error = unknown[0;39m 
2025-11-04 23:41:55.415 [com.alibaba.nacos.client.remote.worker] [34mINFO [0;39m [36mc.a.nacos.common.remote.client.grpc.GrpcClient[0;39m - [34mgrpc client connection server:nacos2 ip,serverPort:9848,grpcTslConfig:{"sslProvider":"","enableTls":false,"mutualAuthEnable":false,"trustAll":false}[0;39m 
2025-11-04 23:41:55.572 [com.alibaba.nacos.client.remote.worker] [34mINFO [0;39m [36mcom.alibaba.nacos.common.remote.client[0;39m - [34m[862d6eec-9776-472e-af5d-07bcbb8ad03e_config-0] Fail to connect server, after trying 8 times, last try server is {serverIp = 'nacos2', server main port = 8848}, error = unknown[0;39m 
2025-11-04 23:41:56.333 [main] [34mINFO [0;39m [36morg.apache.coyote.http11.Http11NioProtocol[0;39m - [34mInitializing ProtocolHandler ["http-nio-auto-1"][0;39m 
2025-11-04 23:41:56.334 [main] [34mINFO [0;39m [36morg.apache.catalina.core.StandardService[0;39m - [34mStarting service [Tomcat][0;39m 
2025-11-04 23:41:56.334 [main] [34mINFO [0;39m [36morg.apache.catalina.core.StandardEngine[0;39m - [34mStarting Servlet engine: [Apache Tomcat/9.0.58][0;39m 
2025-11-04 23:41:56.429 [main] [34mINFO [0;39m [36mo.a.c.core.ContainerBase.[Tomcat].[localhost].[/][0;39m - [34mInitializing Spring embedded WebApplicationContext[0;39m 
2025-11-04 23:41:56.473 [com.alibaba.nacos.client.remote.worker] [34mINFO [0;39m [36mc.a.nacos.common.remote.client.grpc.GrpcClient[0;39m - [34mgrpc client connection server:nacos2 ip,serverPort:9848,grpcTslConfig:{"sslProvider":"","enableTls":false,"mutualAuthEnable":false,"trustAll":false}[0;39m 
2025-11-04 23:41:56.499 [com.alibaba.nacos.client.remote.worker] [34mINFO [0;39m [36mcom.alibaba.nacos.common.remote.client[0;39m - [34m[862d6eec-9776-472e-af5d-07bcbb8ad03e_config-0] Fail to connect server, after trying 9 times, last try server is {serverIp = 'nacos2', server main port = 8848}, error = unknown[0;39m 
2025-11-04 23:41:56.821 [main] [34mINFO [0;39m [36mc.a.cloud.sentinel.SentinelWebAutoConfiguration[0;39m - [34m[Sentinel Starter] register SentinelWebInterceptor with urlPatterns: [/**].[0;39m 
2025-11-04 23:41:56.970 [main] [34mINFO [0;39m [36morg.apache.catalina.core.StandardService[0;39m - [34mStopping service [Tomcat][0;39m 
2025-11-04 23:41:57.043 [main] [34mINFO [0;39m [36mj.f.b.a.m.event.ApplicationEnvironmentDefaultEvent[0;39m - [34mresoures develop path is file:resources/,file:META-INF/resources/,file:static/,file:public/,classpath:/META-INF/resources/,classpath:/resources/,classpath:/static/,classpath:/public/[0;39m 
2025-11-04 23:41:57.097 [main] [34mINFO [0;39m [36mj.f.b.a.m.event.ApplicationEnvironmentDefaultEvent[0;39m - [34mresoures develop path is file:resources/,file:META-INF/resources/,file:static/,file:public/,classpath:/META-INF/resources/,classpath:/resources/,classpath:/static/,classpath:/public/[0;39m 
2025-11-04 23:41:57.504 [com.alibaba.nacos.client.remote.worker] [34mINFO [0;39m [36mc.a.nacos.common.remote.client.grpc.GrpcClient[0;39m - [34mgrpc client connection server:nacos2 ip,serverPort:9848,grpcTslConfig:{"sslProvider":"","enableTls":false,"mutualAuthEnable":false,"trustAll":false}[0;39m 
2025-11-04 23:41:57.533 [com.alibaba.nacos.client.remote.worker] [34mINFO [0;39m [36mcom.alibaba.nacos.common.remote.client[0;39m - [34m[862d6eec-9776-472e-af5d-07bcbb8ad03e_config-0] Fail to connect server, after trying 10 times, last try server is {serverIp = 'nacos2', server main port = 8848}, error = unknown[0;39m 
2025-11-04 23:41:58.637 [com.alibaba.nacos.client.remote.worker] [34mINFO [0;39m [36mc.a.nacos.common.remote.client.grpc.GrpcClient[0;39m - [34mgrpc client connection server:nacos2 ip,serverPort:9848,grpcTslConfig:{"sslProvider":"","enableTls":false,"mutualAuthEnable":false,"trustAll":false}[0;39m 
2025-11-04 23:41:58.663 [com.alibaba.nacos.client.remote.worker] [34mINFO [0;39m [36mcom.alibaba.nacos.common.remote.client[0;39m - [34m[862d6eec-9776-472e-af5d-07bcbb8ad03e_config-0] Fail to connect server, after trying 11 times, last try server is {serverIp = 'nacos2', server main port = 8848}, error = unknown[0;39m 
2025-11-04 23:41:59.618 [main] [34mINFO [0;39m [36mcom.jbm.cluster.logs.BusinessLogCompleteTest[0;39m - [34mNo active profile set, falling back to 1 default profile: "default"[0;39m 
2025-11-04 23:41:59.869 [com.alibaba.nacos.client.remote.worker] [34mINFO [0;39m [36mc.a.nacos.common.remote.client.grpc.GrpcClient[0;39m - [34mgrpc client connection server:nacos2 ip,serverPort:9848,grpcTslConfig:{"sslProvider":"","enableTls":false,"mutualAuthEnable":false,"trustAll":false}[0;39m 
2025-11-04 23:41:59.895 [com.alibaba.nacos.client.remote.worker] [34mINFO [0;39m [36mcom.alibaba.nacos.common.remote.client[0;39m - [34m[862d6eec-9776-472e-af5d-07bcbb8ad03e_config-0] Fail to connect server, after trying 12 times, last try server is {serverIp = 'nacos2', server main port = 8848}, error = unknown[0;39m 
2025-11-04 23:42:00.188 [main] [34mINFO [0;39m [36morg.apache.coyote.http11.Http11NioProtocol[0;39m - [34mInitializing ProtocolHandler ["http-nio-auto-2"][0;39m 
2025-11-04 23:42:00.188 [main] [34mINFO [0;39m [36morg.apache.catalina.core.StandardService[0;39m - [34mStarting service [Tomcat][0;39m 
2025-11-04 23:42:00.189 [main] [34mINFO [0;39m [36morg.apache.catalina.core.StandardEngine[0;39m - [34mStarting Servlet engine: [Apache Tomcat/9.0.58][0;39m 
2025-11-04 23:42:00.199 [main] [34mINFO [0;39m [36mo.a.c.c.ContainerBase.[Tomcat-1].[localhost].[/][0;39m - [34mInitializing Spring embedded WebApplicationContext[0;39m 
2025-11-04 23:42:00.395 [main] [34mINFO [0;39m [36mc.a.cloud.sentinel.SentinelWebAutoConfiguration[0;39m - [34m[Sentinel Starter] register SentinelWebInterceptor with urlPatterns: [/**].[0;39m 
2025-11-04 23:42:00.451 [main] [34mINFO [0;39m [36morg.apache.catalina.core.StandardService[0;39m - [34mStopping service [Tomcat][0;39m 
2025-11-04 23:42:00.506 [main] [34mINFO [0;39m [36mj.f.b.a.m.event.ApplicationEnvironmentDefaultEvent[0;39m - [34mresoures develop path is file:resources/,file:META-INF/resources/,file:static/,file:public/,classpath:/META-INF/resources/,classpath:/resources/,classpath:/static/,classpath:/public/[0;39m 
2025-11-04 23:42:00.554 [main] [34mINFO [0;39m [36mj.f.b.a.m.event.ApplicationEnvironmentDefaultEvent[0;39m - [34mresoures develop path is file:resources/,file:META-INF/resources/,file:static/,file:public/,classpath:/META-INF/resources/,classpath:/resources/,classpath:/static/,classpath:/public/[0;39m 
2025-11-04 23:42:01.200 [com.alibaba.nacos.client.remote.worker] [34mINFO [0;39m [36mc.a.nacos.common.remote.client.grpc.GrpcClient[0;39m - [34mgrpc client connection server:nacos2 ip,serverPort:9848,grpcTslConfig:{"sslProvider":"","enableTls":false,"mutualAuthEnable":false,"trustAll":false}[0;39m 
2025-11-04 23:42:01.232 [com.alibaba.nacos.client.remote.worker] [34mINFO [0;39m [36mcom.alibaba.nacos.common.remote.client[0;39m - [34m[862d6eec-9776-472e-af5d-07bcbb8ad03e_config-0] Fail to connect server, after trying 13 times, last try server is {serverIp = 'nacos2', server main port = 8848}, error = unknown[0;39m 
2025-11-04 23:42:02.635 [com.alibaba.nacos.client.remote.worker] [34mINFO [0;39m [36mc.a.nacos.common.remote.client.grpc.GrpcClient[0;39m - [34mgrpc client connection server:nacos2 ip,serverPort:9848,grpcTslConfig:{"sslProvider":"","enableTls":false,"mutualAuthEnable":false,"trustAll":false}[0;39m 
2025-11-04 23:42:02.672 [com.alibaba.nacos.client.remote.worker] [34mINFO [0;39m [36mcom.alibaba.nacos.common.remote.client[0;39m - [34m[862d6eec-9776-472e-af5d-07bcbb8ad03e_config-0] Fail to connect server, after trying 14 times, last try server is {serverIp = 'nacos2', server main port = 8848}, error = unknown[0;39m 
2025-11-04 23:42:03.078 [main] [34mINFO [0;39m [36mcom.jbm.cluster.logs.BusinessLogCompleteTest[0;39m - [34mNo active profile set, falling back to 1 default profile: "default"[0;39m 
2025-11-04 23:42:03.565 [main] [34mINFO [0;39m [36morg.apache.coyote.http11.Http11NioProtocol[0;39m - [34mInitializing ProtocolHandler ["http-nio-auto-3"][0;39m 
2025-11-04 23:42:03.566 [main] [34mINFO [0;39m [36morg.apache.catalina.core.StandardService[0;39m - [34mStarting service [Tomcat][0;39m 
2025-11-04 23:42:03.566 [main] [34mINFO [0;39m [36morg.apache.catalina.core.StandardEngine[0;39m - [34mStarting Servlet engine: [Apache Tomcat/9.0.58][0;39m 
2025-11-04 23:42:03.573 [main] [34mINFO [0;39m [36mo.a.c.c.ContainerBase.[Tomcat-2].[localhost].[/][0;39m - [34mInitializing Spring embedded WebApplicationContext[0;39m 
2025-11-04 23:42:03.744 [main] [34mINFO [0;39m [36mc.a.cloud.sentinel.SentinelWebAutoConfiguration[0;39m - [34m[Sentinel Starter] register SentinelWebInterceptor with urlPatterns: [/**].[0;39m 
2025-11-04 23:42:03.790 [main] [34mINFO [0;39m [36morg.apache.catalina.core.StandardService[0;39m - [34mStopping service [Tomcat][0;39m 
2025-11-04 23:42:03.826 [main] [34mINFO [0;39m [36mj.f.b.a.m.event.ApplicationEnvironmentDefaultEvent[0;39m - [34mresoures develop path is file:resources/,file:META-INF/resources/,file:static/,file:public/,classpath:/META-INF/resources/,classpath:/resources/,classpath:/static/,classpath:/public/[0;39m 
2025-11-04 23:42:03.868 [main] [34mINFO [0;39m [36mj.f.b.a.m.event.ApplicationEnvironmentDefaultEvent[0;39m - [34mresoures develop path is file:resources/,file:META-INF/resources/,file:static/,file:public/,classpath:/META-INF/resources/,classpath:/resources/,classpath:/static/,classpath:/public/[0;39m 
2025-11-04 23:42:04.177 [com.alibaba.nacos.client.remote.worker] [34mINFO [0;39m [36mc.a.nacos.common.remote.client.grpc.GrpcClient[0;39m - [34mgrpc client connection server:nacos2 ip,serverPort:9848,grpcTslConfig:{"sslProvider":"","enableTls":false,"mutualAuthEnable":false,"trustAll":false}[0;39m 
2025-11-04 23:42:04.209 [com.alibaba.nacos.client.remote.worker] [34mINFO [0;39m [36mcom.alibaba.nacos.common.remote.client[0;39m - [34m[862d6eec-9776-472e-af5d-07bcbb8ad03e_config-0] Fail to connect server, after trying 15 times, last try server is {serverIp = 'nacos2', server main port = 8848}, error = unknown[0;39m 
2025-11-04 23:42:05.815 [com.alibaba.nacos.client.remote.worker] [34mINFO [0;39m [36mc.a.nacos.common.remote.client.grpc.GrpcClient[0;39m - [34mgrpc client connection server:nacos2 ip,serverPort:9848,grpcTslConfig:{"sslProvider":"","enableTls":false,"mutualAuthEnable":false,"trustAll":false}[0;39m 
2025-11-04 23:42:05.848 [com.alibaba.nacos.client.remote.worker] [34mINFO [0;39m [36mcom.alibaba.nacos.common.remote.client[0;39m - [34m[862d6eec-9776-472e-af5d-07bcbb8ad03e_config-0] Fail to connect server, after trying 16 times, last try server is {serverIp = 'nacos2', server main port = 8848}, error = unknown[0;39m 
2025-11-04 23:42:06.387 [main] [34mINFO [0;39m [36mcom.jbm.cluster.logs.BusinessLogCompleteTest[0;39m - [34mNo active profile set, falling back to 1 default profile: "default"[0;39m 
2025-11-04 23:42:06.872 [main] [34mINFO [0;39m [36morg.apache.coyote.http11.Http11NioProtocol[0;39m - [34mInitializing ProtocolHandler ["http-nio-auto-4"][0;39m 
2025-11-04 23:42:06.873 [main] [34mINFO [0;39m [36morg.apache.catalina.core.StandardService[0;39m - [34mStarting service [Tomcat][0;39m 
2025-11-04 23:42:06.873 [main] [34mINFO [0;39m [36morg.apache.catalina.core.StandardEngine[0;39m - [34mStarting Servlet engine: [Apache Tomcat/9.0.58][0;39m 
2025-11-04 23:42:06.886 [main] [34mINFO [0;39m [36mo.a.c.c.ContainerBase.[Tomcat-3].[localhost].[/][0;39m - [34mInitializing Spring embedded WebApplicationContext[0;39m 
2025-11-04 23:42:07.030 [main] [34mINFO [0;39m [36mc.a.cloud.sentinel.SentinelWebAutoConfiguration[0;39m - [34m[Sentinel Starter] register SentinelWebInterceptor with urlPatterns: [/**].[0;39m 
2025-11-04 23:42:07.067 [main] [34mINFO [0;39m [36morg.apache.catalina.core.StandardService[0;39m - [34mStopping service [Tomcat][0;39m 
2025-11-04 23:42:07.102 [main] [34mINFO [0;39m [36mj.f.b.a.m.event.ApplicationEnvironmentDefaultEvent[0;39m - [34mresoures develop path is file:resources/,file:META-INF/resources/,file:static/,file:public/,classpath:/META-INF/resources/,classpath:/resources/,classpath:/static/,classpath:/public/[0;39m 
2025-11-04 23:42:07.143 [main] [34mINFO [0;39m [36mj.f.b.a.m.event.ApplicationEnvironmentDefaultEvent[0;39m - [34mresoures develop path is file:resources/,file:META-INF/resources/,file:static/,file:public/,classpath:/META-INF/resources/,classpath:/resources/,classpath:/static/,classpath:/public/[0;39m 
2025-11-04 23:42:07.551 [com.alibaba.nacos.client.remote.worker] [34mINFO [0;39m [36mc.a.nacos.common.remote.client.grpc.GrpcClient[0;39m - [34mgrpc client connection server:nacos2 ip,serverPort:9848,grpcTslConfig:{"sslProvider":"","enableTls":false,"mutualAuthEnable":false,"trustAll":false}[0;39m 
2025-11-04 23:42:07.582 [com.alibaba.nacos.client.remote.worker] [34mINFO [0;39m [36mcom.alibaba.nacos.common.remote.client[0;39m - [34m[862d6eec-9776-472e-af5d-07bcbb8ad03e_config-0] Fail to connect server, after trying 17 times, last try server is {serverIp = 'nacos2', server main port = 8848}, error = unknown[0;39m 
2025-11-04 23:42:09.386 [com.alibaba.nacos.client.remote.worker] [34mINFO [0;39m [36mc.a.nacos.common.remote.client.grpc.GrpcClient[0;39m - [34mgrpc client connection server:nacos2 ip,serverPort:9848,grpcTslConfig:{"sslProvider":"","enableTls":false,"mutualAuthEnable":false,"trustAll":false}[0;39m 
2025-11-04 23:42:09.422 [com.alibaba.nacos.client.remote.worker] [34mINFO [0;39m [36mcom.alibaba.nacos.common.remote.client[0;39m - [34m[862d6eec-9776-472e-af5d-07bcbb8ad03e_config-0] Fail to connect server, after trying 18 times, last try server is {serverIp = 'nacos2', server main port = 8848}, error = unknown[0;39m 
2025-11-04 23:42:09.654 [main] [34mINFO [0;39m [36mcom.jbm.cluster.logs.BusinessLogCompleteTest[0;39m - [34mNo active profile set, falling back to 1 default profile: "default"[0;39m 
2025-11-04 23:42:10.069 [main] [34mINFO [0;39m [36morg.apache.coyote.http11.Http11NioProtocol[0;39m - [34mInitializing ProtocolHandler ["http-nio-auto-5"][0;39m 
2025-11-04 23:42:10.069 [main] [34mINFO [0;39m [36morg.apache.catalina.core.StandardService[0;39m - [34mStarting service [Tomcat][0;39m 
2025-11-04 23:42:10.069 [main] [34mINFO [0;39m [36morg.apache.catalina.core.StandardEngine[0;39m - [34mStarting Servlet engine: [Apache Tomcat/9.0.58][0;39m 
2025-11-04 23:42:10.087 [main] [34mINFO [0;39m [36mo.a.c.c.ContainerBase.[Tomcat-4].[localhost].[/][0;39m - [34mInitializing Spring embedded WebApplicationContext[0;39m 
2025-11-04 23:42:10.226 [main] [34mINFO [0;39m [36mc.a.cloud.sentinel.SentinelWebAutoConfiguration[0;39m - [34m[Sentinel Starter] register SentinelWebInterceptor with urlPatterns: [/**].[0;39m 
2025-11-04 23:42:10.262 [main] [34mINFO [0;39m [36morg.apache.catalina.core.StandardService[0;39m - [34mStopping service [Tomcat][0;39m 
2025-11-04 23:42:10.291 [main] [34mINFO [0;39m [36mj.f.b.a.m.event.ApplicationEnvironmentDefaultEvent[0;39m - [34mresoures develop path is file:resources/,file:META-INF/resources/,file:static/,file:public/,classpath:/META-INF/resources/,classpath:/resources/,classpath:/static/,classpath:/public/[0;39m 
2025-11-04 23:42:10.328 [main] [34mINFO [0;39m [36mj.f.b.a.m.event.ApplicationEnvironmentDefaultEvent[0;39m - [34mresoures develop path is file:resources/,file:META-INF/resources/,file:static/,file:public/,classpath:/META-INF/resources/,classpath:/resources/,classpath:/static/,classpath:/public/[0;39m 
2025-11-04 23:42:11.323 [com.alibaba.nacos.client.remote.worker] [34mINFO [0;39m [36mc.a.nacos.common.remote.client.grpc.GrpcClient[0;39m - [34mgrpc client connection server:nacos2 ip,serverPort:9848,grpcTslConfig:{"sslProvider":"","enableTls":false,"mutualAuthEnable":false,"trustAll":false}[0;39m 
2025-11-04 23:42:11.356 [com.alibaba.nacos.client.remote.worker] [34mINFO [0;39m [36mcom.alibaba.nacos.common.remote.client[0;39m - [34m[862d6eec-9776-472e-af5d-07bcbb8ad03e_config-0] Fail to connect server, after trying 19 times, last try server is {serverIp = 'nacos2', server main port = 8848}, error = unknown[0;39m 
2025-11-04 23:42:12.838 [main] [34mINFO [0;39m [36mcom.jbm.cluster.logs.BusinessLogCompleteTest[0;39m - [34mNo active profile set, falling back to 1 default profile: "default"[0;39m 
2025-11-04 23:42:13.251 [main] [34mINFO [0;39m [36morg.apache.coyote.http11.Http11NioProtocol[0;39m - [34mInitializing ProtocolHandler ["http-nio-auto-6"][0;39m 
2025-11-04 23:42:13.251 [main] [34mINFO [0;39m [36morg.apache.catalina.core.StandardService[0;39m - [34mStarting service [Tomcat][0;39m 
2025-11-04 23:42:13.251 [main] [34mINFO [0;39m [36morg.apache.catalina.core.StandardEngine[0;39m - [34mStarting Servlet engine: [Apache Tomcat/9.0.58][0;39m 
2025-11-04 23:42:13.257 [main] [34mINFO [0;39m [36mo.a.c.c.ContainerBase.[Tomcat-5].[localhost].[/][0;39m - [34mInitializing Spring embedded WebApplicationContext[0;39m 
2025-11-04 23:42:13.362 [com.alibaba.nacos.client.remote.worker] [34mINFO [0;39m [36mc.a.nacos.common.remote.client.grpc.GrpcClient[0;39m - [34mgrpc client connection server:nacos2 ip,serverPort:9848,grpcTslConfig:{"sslProvider":"","enableTls":false,"mutualAuthEnable":false,"trustAll":false}[0;39m 
2025-11-04 23:42:13.392 [com.alibaba.nacos.client.remote.worker] [34mINFO [0;39m [36mcom.alibaba.nacos.common.remote.client[0;39m - [34m[862d6eec-9776-472e-af5d-07bcbb8ad03e_config-0] Fail to connect server, after trying 20 times, last try server is {serverIp = 'nacos2', server main port = 8848}, error = unknown[0;39m 
2025-11-04 23:42:13.403 [main] [34mINFO [0;39m [36mc.a.cloud.sentinel.SentinelWebAutoConfiguration[0;39m - [34m[Sentinel Starter] register SentinelWebInterceptor with urlPatterns: [/**].[0;39m 
2025-11-04 23:42:13.440 [main] [34mINFO [0;39m [36morg.apache.catalina.core.StandardService[0;39m - [34mStopping service [Tomcat][0;39m 
2025-11-09 22:22:38.391 [main] [34mINFO [0;39m [36mj.f.b.a.m.event.ApplicationEnvironmentDefaultEvent[0;39m - [34mresoures develop path is file:resources/,file:META-INF/resources/,file:static/,file:public/,classpath:/META-INF/resources/,classpath:/resources/,classpath:/static/,classpath:/public/[0;39m 
2025-11-09 22:22:38.418 [background-preinit] [34mINFO [0;39m [36morg.hibernate.validator.internal.util.Version[0;39m - [34mHV000001: Hibernate Validator 6.2.5.Final[0;39m 
2025-11-09 22:22:38.429 [main] [34mINFO [0;39m [36mj.f.b.a.base.ApplicationEnvironmentDefaultEvent[0;39m - [34mjbm load properties:class path resource [configs/metrics.yml][0;39m 
2025-11-09 22:22:38.656 [main] [34mINFO [0;39m [36mc.a.n.p.auth.spi.client.ClientAuthPluginManager[0;39m - [34m[ClientAuthPluginManager] Load ClientAuthService com.alibaba.nacos.client.auth.impl.NacosClientAuthServiceImpl success.[0;39m 
2025-11-09 22:22:38.656 [main] [34mINFO [0;39m [36mc.a.n.p.auth.spi.client.ClientAuthPluginManager[0;39m - [34m[ClientAuthPluginManager] Load ClientAuthService com.alibaba.nacos.client.auth.ram.RamClientAuthServiceImpl success.[0;39m 
2025-11-09 22:22:38.705 [main] [34mINFO [0;39m [36mj.f.b.a.m.event.ApplicationEnvironmentDefaultEvent[0;39m - [34mresoures develop path is file:resources/,file:META-INF/resources/,file:static/,file:public/,classpath:/META-INF/resources/,classpath:/resources/,classpath:/static/,classpath:/public/[0;39m 
2025-11-09 22:22:41.598 [main] [34mINFO [0;39m [36mcom.jbm.cluster.logs.JbmLogsApplication[0;39m - [34mNo active profile set, falling back to 1 default profile: "default"[0;39m 
2025-11-09 22:22:42.727 [main] [34mINFO [0;39m [36morg.apache.coyote.http11.Http11NioProtocol[0;39m - [34mInitializing ProtocolHandler ["http-nio-3312"][0;39m 
2025-11-09 22:22:42.728 [main] [34mINFO [0;39m [36morg.apache.catalina.core.StandardService[0;39m - [34mStarting service [Tomcat][0;39m 
2025-11-09 22:22:42.728 [main] [34mINFO [0;39m [36morg.apache.catalina.core.StandardEngine[0;39m - [34mStarting Servlet engine: [Apache Tomcat/9.0.83][0;39m 
2025-11-09 22:22:42.804 [main] [34mINFO [0;39m [36mo.a.c.core.ContainerBase.[Tomcat].[localhost].[/][0;39m - [34mInitializing Spring embedded WebApplicationContext[0;39m 
2025-11-09 22:22:42.925 [main] [34mINFO [0;39m [36mc.alibaba.cloud.sentinel.SentinelWebMvcConfigurer[0;39m - [34m[Sentinel Starter] register SentinelWebInterceptor with urlPatterns: [/**].[0;39m 
2025-11-09 22:22:42.988 [main] [34mINFO [0;39m [36morg.apache.catalina.core.StandardService[0;39m - [34mStopping service [Tomcat][0;39m 
2025-11-09 22:24:18.981 [main] [34mINFO [0;39m [36mj.f.b.a.m.event.ApplicationEnvironmentDefaultEvent[0;39m - [34mresoures develop path is file:resources/,file:META-INF/resources/,file:static/,file:public/,classpath:/META-INF/resources/,classpath:/resources/,classpath:/static/,classpath:/public/[0;39m 
2025-11-09 22:24:19.007 [background-preinit] [34mINFO [0;39m [36morg.hibernate.validator.internal.util.Version[0;39m - [34mHV000001: Hibernate Validator 6.2.5.Final[0;39m 
2025-11-09 22:24:19.019 [main] [34mINFO [0;39m [36mj.f.b.a.base.ApplicationEnvironmentDefaultEvent[0;39m - [34mjbm load properties:class path resource [configs/metrics.yml][0;39m 
2025-11-09 22:24:19.238 [main] [34mINFO [0;39m [36mc.a.n.p.auth.spi.client.ClientAuthPluginManager[0;39m - [34m[ClientAuthPluginManager] Load ClientAuthService com.alibaba.nacos.client.auth.impl.NacosClientAuthServiceImpl success.[0;39m 
2025-11-09 22:24:19.239 [main] [34mINFO [0;39m [36mc.a.n.p.auth.spi.client.ClientAuthPluginManager[0;39m - [34m[ClientAuthPluginManager] Load ClientAuthService com.alibaba.nacos.client.auth.ram.RamClientAuthServiceImpl success.[0;39m 
2025-11-09 22:24:19.291 [main] [34mINFO [0;39m [36mj.f.b.a.m.event.ApplicationEnvironmentDefaultEvent[0;39m - [34mresoures develop path is file:resources/,file:META-INF/resources/,file:static/,file:public/,classpath:/META-INF/resources/,classpath:/resources/,classpath:/static/,classpath:/public/[0;39m 
2025-11-09 22:24:22.160 [main] [34mINFO [0;39m [36mcom.jbm.cluster.logs.JbmLogsApplication[0;39m - [34mNo active profile set, falling back to 1 default profile: "default"[0;39m 
2025-11-09 22:24:23.305 [main] [34mINFO [0;39m [36morg.apache.coyote.http11.Http11NioProtocol[0;39m - [34mInitializing ProtocolHandler ["http-nio-3312"][0;39m 
2025-11-09 22:24:23.306 [main] [34mINFO [0;39m [36morg.apache.catalina.core.StandardService[0;39m - [34mStarting service [Tomcat][0;39m 
2025-11-09 22:24:23.306 [main] [34mINFO [0;39m [36morg.apache.catalina.core.StandardEngine[0;39m - [34mStarting Servlet engine: [Apache Tomcat/9.0.83][0;39m 
2025-11-09 22:24:23.388 [main] [34mINFO [0;39m [36mo.a.c.core.ContainerBase.[Tomcat].[localhost].[/][0;39m - [34mInitializing Spring embedded WebApplicationContext[0;39m 
2025-11-09 22:24:23.523 [main] [34mINFO [0;39m [36mc.alibaba.cloud.sentinel.SentinelWebMvcConfigurer[0;39m - [34m[Sentinel Starter] register SentinelWebInterceptor with urlPatterns: [/**].[0;39m 
2025-11-09 22:24:23.592 [main] [34mINFO [0;39m [36morg.apache.catalina.core.StandardService[0;39m - [34mStopping service [Tomcat][0;39m 
